<?xml version="1.0" encoding="UTF-8" standalone="no"?>
<Tournament dataVersion="201">
<Players>
<Player agaExpirationDate="" agaId="" club="HGK" country="FI" egfPin="10274781" ffgLicence="" ffgLicenceStatus="" firstName="Olli" grade=" 3D" name="Lounela" participating="11111111111111111111" rank="3D" rating="2297" ratingOrigin="EGF" registeringStatus="FIN" smmsCorrection="0"/>
<Player agaExpirationDate="" agaId="" club="Bosh" country="FI" egfPin="10262791" ffgLicence="" ffgLicenceStatus="" firstName="Sinikka" grade="12K" name="Siivola" participating="11110111111111111111" rank="12K" rating="823" ratingOrigin="EGF" registeringStatus="FIN" smmsCorrection="0"/>
<Player agaExpirationDate="" agaId="" club="HGK" country="RU" egfPin="10325139" ffgLicence="" ffgLicenceStatus="" firstName="Viktor" grade=" 4D" name="Bogdanov" participating="11111111111111111111" rank="3D" rating="2321" ratingOrigin="EGF" registeringStatus="FIN" smmsCorrection="0"/>
<Player agaExpirationDate="" agaId="" club="Arun" country="UK" egfPin="10201158" ffgLicence="" ffgLicenceStatus="" firstName="Sue" grade=" 4K" name="Paterson" participating="11111111111111111111" rank="4K" rating="1725" ratingOrigin="EGF" registeringStatus="FIN" smmsCorrection="0"/>
<Player agaExpirationDate="" agaId="" club="Arun" country="UK" egfPin="10574652" ffgLicence="" ffgLicenceStatus="" firstName="Steve" grade=" 5K" name="Bailey" participating="11111111111111111111" rank="6K" rating="1523" ratingOrigin="EGF" registeringStatus="FIN" smmsCorrection="0"/>
<Player agaExpirationDate="" agaId="" club="??" country="SE" egfPin="" ffgLicence="" ffgLicenceStatus="" firstName="Yvonne" grade="12K" name="Benzian" participating="11111111111111111111" rank="12K" rating="900" ratingOrigin="INI" registeringStatus="FIN" smmsCorrection="0"/>
<Player agaExpirationDate="" agaId="" club="Leam" country="UK" egfPin="10249019" ffgLicence="" ffgLicenceStatus="" firstName="Matthew" grade=" 6D" name="Macfadyen" participating="11111111111111111111" rank="6D" rating="2513" ratingOrigin="EGF" registeringStatus="FIN" smmsCorrection="0"/>
<Player agaExpirationDate="" agaId="" club="HGK" country="FI" egfPin="10201015" ffgLicence="" ffgLicenceStatus="" firstName="Vesa" grade=" 5D" name="Laatikainen" participating="11111111111111111111" rank="5D" rating="2387" ratingOrigin="EGF" registeringStatus="FIN" smmsCorrection="0"/>
<Player agaExpirationDate="" agaId="" club="EGo" country="FI" egfPin="10262142" ffgLicence="" ffgLicenceStatus="" firstName="Sari" grade=" 5K" name="Kohonen" participating="11111111111111111111" rank="6K" rating="1482" ratingOrigin="EGF" registeringStatus="FIN" smmsCorrection="0"/>
<Player agaExpirationDate="" agaId="" club="Gote" country="SE" egfPin="10462562" ffgLicence="" ffgLicenceStatus="" firstName="Ulf" grade=" 3D" name="Olsson" participating="11111111111111111111" rank="3D" rating="2165" ratingOrigin="EGF" registeringStatus="FIN" smmsCorrection="0"/>
<Player agaExpirationDate="" agaId="" club="Lap" country="FI" egfPin="10437680" ffgLicence="" ffgLicenceStatus="" firstName="Seppo" grade=" 5K" name="Ronkko" participating="11111111111111111111" rank="5K" rating="1324" ratingOrigin="EGF" registeringStatus="PRE" smmsCorrection="0"/>
<Player agaExpirationDate="" agaId="" club="HGK" country="FI" egfPin="10286782" ffgLicence="" ffgLicenceStatus="" firstName="Matti" grade=" 5D" name="Siivola" participating="11111111111111111111" rank="5D" rating="2304" ratingOrigin="EGF" registeringStatus="FIN" smmsCorrection="0"/>
<Player agaExpirationDate="" agaId="" club="Arun" country="UK" egfPin="10837013" ffgLicence="" ffgLicenceStatus="" firstName="Jil" grade=" 9K" name="Segerman" participating="11111111111111111111" rank="9K" rating="1127" ratingOrigin="EGF" registeringStatus="FIN" smmsCorrection="0"/>
<Player agaExpirationDate="" agaId="" club="Leam" country="UK" egfPin="10698809" ffgLicence="" ffgLicenceStatus="" firstName="Kirsty" grade=" 3K" name="Healey" participating="11111111111111111111" rank="4K" rating="1746" ratingOrigin="EGF" registeringStatus="FIN" smmsCorrection="0"/>
<Player agaExpirationDate="" agaId="" club="Teng" country="FI" egfPin="13050708" ffgLicence="" ffgLicenceStatus="" firstName="Pirkko" grade=" 3K" name="Luoma" participating="11111111111111111111" rank="3K" rating="1396" ratingOrigin="EGF" registeringStatus="FIN" smmsCorrection="0"/>
<Player agaExpirationDate="" agaId="" club="Amst" country="NL" egfPin="13901063" ffgLicence="" ffgLicenceStatus="" firstName="Darrell" grade=" 2K" name="Malick" participating="11111111111111111111" rank="1D" rating="1880" ratingOrigin="EGF" registeringStatus="FIN" smmsCorrection="0"/>
<Player agaExpirationDate="" agaId="" club="Hilv" country="NL" egfPin="10298013" ffgLicence="" ffgLicenceStatus="" firstName="Juan" grade=" 7D" name="Guo" participating="11111111111111111111" rank="7D" rating="2724" ratingOrigin="EGF" registeringStatus="FIN" smmsCorrection="0"/>
<Player agaExpirationDate="" agaId="" club="Hels" country="FI" egfPin="10386651" ffgLicence="" ffgLicenceStatus="" firstName="Ari" grade=" 2D" name="Karppinen" participating="11111111111111111111" rank="2D" rating="1876" ratingOrigin="EGF" registeringStatus="FIN" smmsCorrection="0"/>
<Player agaExpirationDate="" agaId="" club="10Pt" country="RU" egfPin="15437609" ffgLicence="" ffgLicenceStatus="" firstName="Anatolij" grade=" 6K" name="Ilmast" participating="11111111111111111111" rank="5K" rating="1609" ratingOrigin="EGF" registeringStatus="PRE" smmsCorrection="0"/>
</Players>
<Games>
<Game blackPlayer="GUOJUAN" handicap="0" knownColor="true" result="RESULT_BLACKWINS" roundNumber="1" tableNumber="1" whitePlayer="LOUNELAOLLI"/>
<Game blackPlayer="MACFADYENMATTHEW" handicap="0" knownColor="true" result="RESULT_BLACKWINS" roundNumber="1" tableNumber="2" whitePlayer="MALICKDARRELL"/>
<Game blackPlayer="LAATIKAINENVESA" handicap="0" knownColor="true" result="RESULT_BLACKWINS" roundNumber="1" tableNumber="3" whitePlayer="KARPPINENARI"/>
<Game blackPlayer="LUOMAPIRKKO" handicap="0" knownColor="true" result="RESULT_WHITEWINS" roundNumber="1" tableNumber="4" whitePlayer="BOGDANOVVIKTOR"/>
<Game blackPlayer="OLSSONULF" handicap="0" knownColor="true" result="RESULT_BLACKWINS" roundNumber="1" tableNumber="5" whitePlayer="SIIVOLAMATTI"/>
<Game blackPlayer="PATERSONSUE" handicap="0" knownColor="true" result="RESULT_BLACKWINS" roundNumber="1" tableNumber="6" whitePlayer="HEALEYKIRSTY"/>
<Game blackPlayer="BAILEYSTEVE" handicap="0" knownColor="true" result="RESULT_WHITEWINS" roundNumber="1" tableNumber="7" whitePlayer="KOHONENSARI"/>
<Game blackPlayer="BENZIANYVONNE" handicap="2" knownColor="true" result="RESULT_WHITEWINS" roundNumber="1" tableNumber="8" whitePlayer="SEGERMANJIL"/>
<Game blackPlayer="MACFADYENMATTHEW" handicap="0" knownColor="true" result="RESULT_UNKNOWN" roundNumber="4" tableNumber="1" whitePlayer="SIIVOLAMATTI"/>
<Game blackPlayer="LOUNELAOLLI" handicap="0" knownColor="true" result="RESULT_UNKNOWN" roundNumber="4" tableNumber="2" whitePlayer="BOGDANOVVIKTOR"/>
<Game blackPlayer="MALICKDARRELL" handicap="0" knownColor="true" result="RESULT_UNKNOWN" roundNumber="4" tableNumber="3" whitePlayer="OLSSONULF"/>
<Game blackPlayer="OLSSONULF" handicap="0" knownColor="true" result="RESULT_WHITEWINS" roundNumber="2" tableNumber="1" whitePlayer="GUOJUAN"/>
<Game blackPlayer="BOGDANOVVIKTOR" handicap="0" knownColor="true" result="RESULT_BLACKWINS" roundNumber="2" tableNumber="2" whitePlayer="MACFADYENMATTHEW"/>
<Game blackPlayer="MALICKDARRELL" handicap="0" knownColor="true" result="RESULT_WHITEWINS" roundNumber="2" tableNumber="3" whitePlayer="LAATIKAINENVESA"/>
<Game blackPlayer="SIIVOLAMATTI" handicap="0" knownColor="true" result="RESULT_BLACKWINS" roundNumber="2" tableNumber="4" whitePlayer="KARPPINENARI"/>
<Game blackPlayer="PATERSONSUE" handicap="1" knownColor="true" result="RESULT_WHITEWINS" roundNumber="2" tableNumber="5" whitePlayer="LOUNELAOLLI"/>
<Game blackPlayer="BAILEYSTEVE" handicap="2" knownColor="true" result="RESULT_BLACKWINS" roundNumber="2" tableNumber="6" whitePlayer="LUOMAPIRKKO"/>
<Game blackPlayer="KOHONENSARI" handicap="0" knownColor="true" result="RESULT_WHITEWINS" roundNumber="2" tableNumber="7" whitePlayer="HEALEYKIRSTY"/>
<Game blackPlayer="SIIVOLASINIKKA" handicap="0" knownColor="true" result="RESULT_WHITEWINS" roundNumber="2" tableNumber="8" whitePlayer="BENZIANYVONNE"/>
<Game blackPlayer="SIIVOLAMATTI" handicap="0" knownColor="true" result="RESULT_WHITEWINS" roundNumber="3" tableNumber="1" whitePlayer="GUOJUAN"/>
<Game blackPlayer="LAATIKAINENVESA" handicap="0" knownColor="true" result="RESULT_BLACKWINS" roundNumber="3" tableNumber="2" whitePlayer="BOGDANOVVIKTOR"/>
<Game blackPlayer="MACFADYENMATTHEW" handicap="0" knownColor="true" result="RESULT_BLACKWINS" roundNumber="3" tableNumber="3" whitePlayer="OLSSONULF"/>
<Game blackPlayer="KARPPINENARI" handicap="0" knownColor="true" result="RESULT_WHITEWINS" roundNumber="3" tableNumber="4" whitePlayer="LOUNELAOLLI"/>
<Game blackPlayer="HEALEYKIRSTY" handicap="1" knownColor="true" result="RESULT_WHITEWINS" roundNumber="3" tableNumber="5" whitePlayer="MALICKDARRELL"/>
<Game blackPlayer="LUOMAPIRKKO" handicap="0" knownColor="true" result="RESULT_BLACKWINS" roundNumber="3" tableNumber="6" whitePlayer="PATERSONSUE"/>
<Game blackPlayer="SIIVOLASINIKKA" handicap="5" knownColor="true" result="RESULT_WHITEWINS" roundNumber="3" tableNumber="7" whitePlayer="BAILEYSTEVE"/>
<Game blackPlayer="SEGERMANJIL" handicap="1" knownColor="true" result="RESULT_WHITEWINS" roundNumber="3" tableNumber="8" whitePlayer="KOHONENSARI"/>
</Games>
<ByePlayers>
<ByePlayer player="SIIVOLASINIKKA" roundNumber="1"/>
<ByePlayer player="SEGERMANJIL" roundNumber="2"/>
<ByePlayer player="BENZIANYVONNE" roundNumber="3"/>
</ByePlayers>
<TournamentParameterSet>
<GeneralParameterSet basicTime="60" beginDate="2017-04-29" canByoYomiTime="300" complementaryTimeSystem="FISCHER" director="Matti Siivola" endDate="2017-05-01" fischerTime="15" genCountNotPlayedGamesAsHalfPoint="false" genMMBar="1K" genMMFloor="20K" genMMS2ValueAbsent="1" genMMS2ValueBye="2" genMMZero="30K" genNBW2ValueAbsent="0" genNBW2ValueBye="2" genRoundDownNBWMMS="true" komi="7.5" location="Helsinki" name="North Europe Senior Open Go Championship" nbMovesCanTime="15" numberOfCategories="1" numberOfRounds="7" shortName="pesm-p4" size="19" stdByoYomiTime="30"/>
<HandicapParameterSet hdBasedOnMMS="true" hdCeiling="9" hdCorrection="1" hdNoHdRankThreshold="1D"/>
<PlacementParameterSet>
<PlacementCriteria>
<PlacementCriterion name="MMS" number="1"/>
<PlacementCriterion name="SOSM" number="2"/>
<PlacementCriterion name="SOSOSM" number="3"/>
<PlacementCriterion name="NULL" number="4"/>
<PlacementCriterion name="NULL" number="5"/>
<PlacementCriterion name="NULL" number="6"/>
</PlacementCriteria>
</PlacementParameterSet>
<PairingParameterSet paiBaAvoidDuplGame="500000000000000" paiBaBalanceWB="1000000" paiBaDeterministic="true" paiBaRandom="0" paiMaAdditionalPlacementCritSystem1="Rating" paiMaAdditionalPlacementCritSystem2="NULL" paiMaAvoidMixingCategories="0" paiMaCompensateDUDD="true" paiMaDUDDLowerMode="MID" paiMaDUDDUpperMode="MID" paiMaDUDDWeight="100000000" paiMaLastRoundForSeedSystem1="2" paiMaMaximizeSeeding="5000000" paiMaMinimizeScoreDifference="100000000000" paiMaSeedSystem1="SPLITANDRANDOM" paiSeAvoidSameGeo="100000000000" paiSeBarThresholdActive="true" paiSeDefSecCrit="100000000000" paiSeMinimizeHandicap="0" paiSeNbWinsThresholdActive="false" paiSePreferMMSDiffRatherThanSameClub="3" paiSePreferMMSDiffRatherThanSameClubsGroup="2" paiSePreferMMSDiffRatherThanSameCountry="1" paiSeRankThreshold="1D" paiStandardNX1Factor="0.5"/>
<DPParameterSet displayClCol="true" displayCoCol="true" displayIndGamesInMatches="true" displayNPPlayers="false" displayNumCol="true" displayPlCol="true" gameFormat="full" playerSortType="name" showByePlayer="true" showNotFinallyRegisteredPlayers="true" showNotPairedPlayers="true" showNotParticipatingPlayers="false" showPlayerClub="true" showPlayerCountry="false" showPlayerGrade="true"/>
<PublishParameterSet exportToLocalFile="true" htmlAutoScroll="false" print="true"/>
</TournamentParameterSet>
<TeamTournamentParameterSet>
<TeamGeneralParameterSet teamSize="4"/>
<TeamPlacementParameterSet>
<PlacementCriteria>
<PlacementCriterion name="TEAMP" number="1"/>
<PlacementCriterion name="BDW" number="2"/>
<PlacementCriterion name="BDW3U" number="3"/>
<PlacementCriterion name="BDW2U" number="4"/>
<PlacementCriterion name="BDW1U" number="5"/>
<PlacementCriterion name="MNR" number="6"/>
</PlacementCriteria>
</TeamPlacementParameterSet>
</TeamTournamentParameterSet>
</Tournament>
