<?xml version="1.0" encoding="UTF-8" standalone="no"?>
<Tournament dataVersion="201" gothaMinorVersion="1" gothaVersion="345">
<Players>
<Player agaExpirationDate="" agaId="" club="92Le" country="FR" egfPin="" ffgLicence="1700032" ffgLicenceStatus="L" firstName="Olivier" grade="6K" name="Lauzanne" participating="11111111111111111111" rank="6K" rating="1527" ratingOrigin="FFG" registeringStatus="FIN" smmsCorrection="0"/>
<Player agaExpirationDate="" agaId="" club="92Le" country="FR" egfPin="" ffgLicence="8122010" ffgLicenceStatus="L" firstName="Yoshiro" grade="4K" name="Awano" participating="11111111111111111111" rank="4K" rating="1741" ratingOrigin="FFG" registeringStatus="FIN" smmsCorrection="0"/>
<Player agaExpirationDate="" agaId="" club="92Le" country="FR" egfPin="" ffgLicence="1600244" ffgLicenceStatus="L" firstName="Khaled" grade="8K" name="Nasroune" participating="11111111111111111111" rank="8K" rating="1318" ratingOrigin="FFG" registeringStatus="FIN" smmsCorrection="0"/>
<Player agaExpirationDate="" agaId="" club="92Le" country="FR" egfPin="" ffgLicence="0700348" ffgLicenceStatus="L" firstName="Louise" grade="3K" name="Roullier" participating="11111111111111111111" rank="3K" rating="1770" ratingOrigin="FFG" registeringStatus="FIN" smmsCorrection="0"/>
<Player agaExpirationDate="" agaId="" club="92Le" country="FR" egfPin="" ffgLicence="0900057" ffgLicenceStatus="L" firstName="Remy" grade="2K" name="Noel" participating="11111111111111111111" rank="2K" rating="1881" ratingOrigin="FFG" registeringStatus="FIN" smmsCorrection="0"/>
<Player agaExpirationDate="" agaId="" club="92Le" country="FR" egfPin="" ffgLicence="9131001" ffgLicenceStatus="L" firstName="Jean-François" grade="9K" name="le_Galiard" participating="11111111111111111111" rank="9K" rating="1170" ratingOrigin="FFG" registeringStatus="FIN" smmsCorrection="0"/>
<Player agaExpirationDate="" agaId="" club="92Le" country="FR" egfPin="" ffgLicence="0424601" ffgLicenceStatus="L" firstName="Sylvain" grade="4K" name="Ravera" participating="11111111111111111111" rank="4K" rating="1688" ratingOrigin="FFG" registeringStatus="FIN" smmsCorrection="0"/>
</Players>
<Games>
<Game blackPlayer="LE_GALIARDJEAN-FRANÇOIS" handicap="0" knownColor="true" result="RESULT_WHITEWINS" roundNumber="1" tableNumber="1" whitePlayer="NOELREMY"/>
<Game blackPlayer="ROULLIERLOUISE" handicap="0" knownColor="true" result="RESULT_WHITEWINS" roundNumber="3" tableNumber="1" whitePlayer="NOELREMY"/>
<Game blackPlayer="AWANOYOSHIRO" handicap="0" knownColor="true" result="RESULT_WHITEWINS" roundNumber="1" tableNumber="2" whitePlayer="ROULLIERLOUISE"/>
<Game blackPlayer="LE_GALIARDJEAN-FRANÇOIS" handicap="0" knownColor="true" result="RESULT_WHITEWINS" roundNumber="3" tableNumber="2" whitePlayer="LAUZANNEOLIVIER"/>
<Game blackPlayer="LAUZANNEOLIVIER" handicap="0" knownColor="true" result="RESULT_WHITEWINS" roundNumber="1" tableNumber="3" whitePlayer="RAVERASYLVAIN"/>
<Game blackPlayer="LAUZANNEOLIVIER" handicap="0" knownColor="true" result="RESULT_WHITEWINS" roundNumber="2" tableNumber="1" whitePlayer="NOELREMY"/>
<Game blackPlayer="AWANOYOSHIRO" handicap="0" knownColor="true" result="RESULT_WHITEWINS" roundNumber="4" tableNumber="1" whitePlayer="NOELREMY"/>
<Game blackPlayer="ROULLIERLOUISE" handicap="0" knownColor="true" result="RESULT_BLACKWINS" roundNumber="2" tableNumber="2" whitePlayer="RAVERASYLVAIN"/>
<Game blackPlayer="LE_GALIARDJEAN-FRANÇOIS" handicap="0" knownColor="true" result="RESULT_BLACKWINS" roundNumber="2" tableNumber="3" whitePlayer="NASROUNEKHALED"/>
</Games>
<TournamentParameterSet>
<GeneralParameterSet basicTime="60" beginDate="2018-01-13" canByoYomiTime="300" complementaryTimeSystem="CANBYOYOMI" director="Sylvain Ravera" endDate="2018-02-27" fischerTime="10" genCountNotPlayedGamesAsHalfPoint="false" genMMBar="9D" genMMFloor="30K" genMMS2ValueAbsent="1" genMMS2ValueBye="2" genMMZero="30K" genNBW2ValueAbsent="0" genNBW2ValueBye="2" genRoundDownNBWMMS="true" komi="7.5" location="Levallois-Perret" name="Championnat du club de Levallois" nbMovesCanTime="15" numberOfCategories="1" numberOfRounds="4" shortName="Championnat_Levallois_2018 - Resultats" size="19" stdByoYomiTime="30"/>
<HandicapParameterSet hdBasedOnMMS="false" hdCeiling="0" hdCorrection="0" hdNoHdRankThreshold="30K"/>
<PlacementParameterSet>
<PlacementCriteria>
<PlacementCriterion name="NBW" number="1"/>
<PlacementCriterion name="SDC" number="2"/>
<PlacementCriterion name="Rating" number="3"/>
<PlacementCriterion name="NULL" number="4"/>
<PlacementCriterion name="NULL" number="5"/>
<PlacementCriterion name="NULL" number="6"/>
</PlacementCriteria>
</PlacementParameterSet>
<PairingParameterSet paiBaAvoidDuplGame="500000000000000" paiBaBalanceWB="1000000" paiBaDeterministic="true" paiBaRandom="0" paiMaAdditionalPlacementCritSystem1="Rating" paiMaAdditionalPlacementCritSystem2="Rating" paiMaAvoidMixingCategories="0" paiMaCompensateDUDD="true" paiMaDUDDLowerMode="MID" paiMaDUDDUpperMode="MID" paiMaDUDDWeight="100000000" paiMaLastRoundForSeedSystem1="2" paiMaMaximizeSeeding="5000000" paiMaMinimizeScoreDifference="100000000000" paiMaSeedSystem1="SPLITANDSLIP" paiSeAvoidSameGeo="0" paiSeBarThresholdActive="true" paiSeDefSecCrit="20000000000000" paiSeMinimizeHandicap="0" paiSeNbWinsThresholdActive="true" paiSePreferMMSDiffRatherThanSameClub="0" paiSePreferMMSDiffRatherThanSameClubsGroup="0" paiSePreferMMSDiffRatherThanSameCountry="0" paiSeRankThreshold="30K" paiStandardNX1Factor="0.5"/>
<DPParameterSet displayClCol="true" displayCoCol="true" displayIndGamesInMatches="true" displayNPPlayers="false" displayNumCol="true" displayPlCol="true" gameFormat="short" playerSortType="name" showByePlayer="true" showNotFinallyRegisteredPlayers="true" showNotPairedPlayers="true" showNotParticipatingPlayers="false" showPlayerClub="true" showPlayerCountry="false" showPlayerGrade="true"/>
<PublishParameterSet exportToLocalFile="true" htmlAutoScroll="false" print="false"/>
</TournamentParameterSet>
<TeamTournamentParameterSet>
<TeamGeneralParameterSet teamSize="4"/>
<TeamPlacementParameterSet>
<PlacementCriteria>
<PlacementCriterion name="TEAMP" number="1"/>
<PlacementCriterion name="BDW" number="2"/>
<PlacementCriterion name="BDW3U" number="3"/>
<PlacementCriterion name="BDW2U" number="4"/>
<PlacementCriterion name="BDW1U" number="5"/>
<PlacementCriterion name="MNR" number="6"/>
</PlacementCriteria>
</TeamPlacementParameterSet>
</TeamTournamentParameterSet>
</Tournament>
