<?xml version="1.0" encoding="UTF-8" standalone="no"?><Tournament dataVersion="201" externalIPAddress="191.125.185.173" gothaMinorVersion="0" gothaVersion="349" saveDT="20200630185132"><Players><Player agaExpirationDate="" agaId="" club="Rnin" country="CL" egfPin="" ffgLicence="" ffgLicenceStatus="" firstName="Pablokiu" grade="17K" name="hello" participating="11111111111111111111" rank="17K" rating="-900" ratingOrigin="INI" registeringStatus="FIN" smmsCorrection="0"/><Player agaExpirationDate="" agaId="" club="Rnin" country="CL" egfPin="" ffgLicence="" ffgLicenceStatus="" firstName="Pablo" grade="7K" name="Núñez" participating="11111111111111111111" rank="7K" rating="-900" ratingOrigin="INI" registeringStatus="FIN" smmsCorrection="0"/></Players><Games><Game blackPlayer="HELLOPABLOKIU" handicap="9" knownColor="true" result="RESULT_BLACKWINS" roundNumber="1" tableNumber="1" whitePlayer="NÚÑEZPABLO"/></Games><TournamentParameterSet><GeneralParameterSet basicTime="60" beginDate="2020-06-30" canByoYomiTime="300" complementaryTimeSystem="STDBYOYOMI" director="Rōnin" endDate="2020-07-30" fischerTime="10" genCountNotPlayedGamesAsHalfPoint="false" genMMBar="4D" genMMFloor="20K" genMMS2ValueAbsent="1" genMMS2ValueBye="2" genMMZero="30K" genNBW2ValueAbsent="0" genNBW2ValueBye="2" genRoundDownNBWMMS="true" komi="7.5" location="Rōnin" name="Prueba de Torneo" nbMovesCanTime="15" numberOfCategories="1" numberOfRounds="2" shortName="Torneo" size="19" stdByoYomiTime="30"/><HandicapParameterSet hdBasedOnMMS="true" hdCeiling="9" hdCorrection="1" hdNoHdRankThreshold="1D"/><PlacementParameterSet><PlacementCriteria><PlacementCriterion name="MMS" number="1"/><PlacementCriterion name="SOSM" number="2"/><PlacementCriterion name="SOSOSM" number="3"/><PlacementCriterion name="NULL" number="4"/><PlacementCriterion name="NULL" number="5"/><PlacementCriterion name="NULL" number="6"/></PlacementCriteria></PlacementParameterSet><PairingParameterSet paiBaAvoidDuplGame="500000000000000" paiBaBalanceWB="1000000" paiBaDeterministic="true" paiBaRandom="0" paiMaAdditionalPlacementCritSystem1="Rating" paiMaAdditionalPlacementCritSystem2="NULL" paiMaAvoidMixingCategories="0" paiMaCompensateDUDD="true" paiMaDUDDLowerMode="MID" paiMaDUDDUpperMode="MID" paiMaDUDDWeight="100000000" paiMaLastRoundForSeedSystem1="2" paiMaMaximizeSeeding="5000000" paiMaMinimizeScoreDifference="100000000000" paiMaSeedSystem1="SPLITANDRANDOM" paiMaSeedSystem2="SPLITANDSLIP" paiSeAvoidSameGeo="100000000000" paiSeBarThresholdActive="true" paiSeDefSecCrit="100000000000" paiSeMinimizeHandicap="0" paiSeNbWinsThresholdActive="false" paiSePreferMMSDiffRatherThanSameClub="3" paiSePreferMMSDiffRatherThanSameClubsGroup="2" paiSePreferMMSDiffRatherThanSameCountry="1" paiSeRankThreshold="1D" paiStandardNX1Factor="0.5"/><DPParameterSet displayClCol="true" displayCoCol="true" displayIndGamesInMatches="true" displayNPPlayers="false" displayNumCol="true" displayPlCol="true" gameFormat="full" playerSortType="name" showByePlayer="true" showNotFinallyRegisteredPlayers="true" showNotPairedPlayers="true" showNotParticipatingPlayers="false" showPlayerClub="true" showPlayerCountry="false" showPlayerGrade="true"/><PublishParameterSet exportToLocalFile="true" htmlAutoScroll="false" print="true"/></TournamentParameterSet><TeamTournamentParameterSet><TeamGeneralParameterSet teamSize="4"/><TeamPlacementParameterSet><PlacementCriteria><PlacementCriterion name="TEAMP" number="1"/><PlacementCriterion name="BDW" number="2"/><PlacementCriterion name="BDW3U" number="3"/><PlacementCriterion name="BDW2U" number="4"/><PlacementCriterion name="BDW1U" number="5"/><PlacementCriterion name="MNR" number="6"/></PlacementCriteria></TeamPlacementParameterSet></TeamTournamentParameterSet></Tournament>