<?xml version="1.0" encoding="UTF-8" standalone="no"?>
<Tournament dataVersion="201" externalIPAddress="77.128.107.78" gothaMinorVersion="5" gothaVersion="348" saveDT="20191118151142">
<Players>
<Player agaExpirationDate="" agaId="" club="" country="VZ" egfPin="" ffgLicence="" ffgLicenceStatus="" firstName="Jesús" grade="9K" name="Sánchez" participating="11111111111111111111" rank="9K" rating="1200" ratingOrigin="INI" registeringStatus="FIN" smmsCorrection="0"/>
<Player agaExpirationDate="" agaId="" club="xxxx" country="CO" egfPin="16513794" ffgLicence="" ffgLicenceStatus="" firstName="Juan_Felipe" grade=" 3D" name="Samper_Munoz" participating="11111111111111111111" rank="2D" rating="2218" ratingOrigin="EGF : 2218" registeringStatus="FIN" smmsCorrection="0"/>
<Player agaExpirationDate="" agaId="" club="XXXX" country="CO" egfPin="19325482" ffgLicence="" ffgLicenceStatus="" firstName="Brandal_Josue" grade=" 3D" name="Henao_Roa" participating="11111111111111111111" rank="3D" rating="2265" ratingOrigin="EGF : 2265" registeringStatus="FIN" smmsCorrection="0"/>
<Player agaExpirationDate="" agaId="" club="xxxx" country="CO" egfPin="16550798" ffgLicence="" ffgLicenceStatus="" firstName="Leonardo" grade=" 1K" name="Bravo" participating="11111111111111111111" rank="1K" rating="2005" ratingOrigin="EGF : 2005" registeringStatus="FIN" smmsCorrection="0"/>
<Player agaExpirationDate="" agaId="" club="XXXX" country="CO" egfPin="16533792" ffgLicence="" ffgLicenceStatus="" firstName="Juan_Felipe" grade=" 3D" name="Burgos" participating="11111111111111111111" rank="4D" rating="2378" ratingOrigin="EGF : 2378" registeringStatus="FIN" smmsCorrection="0"/>
<Player agaExpirationDate="" agaId="" club="xxxx" country="CO" egfPin="16274159" ffgLicence="" ffgLicenceStatus="" firstName="Santiago" grade=" 3D" name="Espinosa-Uribe" participating="11111111111111111111" rank="3D" rating="2254" ratingOrigin="EGF : 2254" registeringStatus="FIN" smmsCorrection="0"/>
<Player agaExpirationDate="" agaId="" club="" country="CO" egfPin="" ffgLicence="" ffgLicenceStatus="" firstName="Miguel" grade="5K" name="Bejarano" participating="11111111111111111111" rank="5K" rating="1600" ratingOrigin="INI" registeringStatus="FIN" smmsCorrection="0"/>
<Player agaExpirationDate="" agaId="" club="" country="CO" egfPin="" ffgLicence="" ffgLicenceStatus="" firstName="Camilo" grade="6K" name="Acuña" participating="11111111111111111111" rank="6K" rating="1500" ratingOrigin="INI" registeringStatus="FIN" smmsCorrection="0"/>
</Players>
<Games>
<Game blackPlayer="ESPINOSA-URIBESANTIAGO" handicap="0" knownColor="true" result="RESULT_BLACKWINS" roundNumber="1" tableNumber="1" whitePlayer="ACUÑACAMILO"/>
<Game blackPlayer="BURGOSJUAN_FELIPE" handicap="0" knownColor="true" result="RESULT_BLACKWINS" roundNumber="5" tableNumber="1" whitePlayer="BEJARANOMIGUEL"/>
<Game blackPlayer="BEJARANOMIGUEL" handicap="0" knownColor="true" result="RESULT_WHITEWINS" roundNumber="1" tableNumber="2" whitePlayer="HENAO_ROABRANDAL_JOSUE"/>
<Game blackPlayer="HENAO_ROABRANDAL_JOSUE" handicap="0" knownColor="true" result="RESULT_WHITEWINS" roundNumber="5" tableNumber="2" whitePlayer="ESPINOSA-URIBESANTIAGO"/>
<Game blackPlayer="BURGOSJUAN_FELIPE" handicap="0" knownColor="true" result="RESULT_BLACKWINS" roundNumber="1" tableNumber="3" whitePlayer="BRAVOLEONARDO"/>
<Game blackPlayer="SAMPER_MUNOZJUAN_FELIPE" handicap="0" knownColor="true" result="RESULT_BLACKWINS" roundNumber="5" tableNumber="3" whitePlayer="ACUÑACAMILO"/>
<Game blackPlayer="SÁNCHEZJESÚS" handicap="0" knownColor="true" result="RESULT_WHITEWINS" roundNumber="1" tableNumber="4" whitePlayer="SAMPER_MUNOZJUAN_FELIPE"/>
<Game blackPlayer="BRAVOLEONARDO" handicap="0" knownColor="true" result="RESULT_BLACKWINS" roundNumber="5" tableNumber="4" whitePlayer="SÁNCHEZJESÚS"/>
<Game blackPlayer="ESPINOSA-URIBESANTIAGO" handicap="0" knownColor="true" result="RESULT_WHITEWINS" roundNumber="2" tableNumber="1" whitePlayer="BURGOSJUAN_FELIPE"/>
<Game blackPlayer="HENAO_ROABRANDAL_JOSUE" handicap="0" knownColor="true" result="RESULT_WHITEWINS" roundNumber="2" tableNumber="2" whitePlayer="SAMPER_MUNOZJUAN_FELIPE"/>
<Game blackPlayer="BRAVOLEONARDO" handicap="0" knownColor="true" result="RESULT_BLACKWINS" roundNumber="2" tableNumber="3" whitePlayer="ACUÑACAMILO"/>
<Game blackPlayer="BEJARANOMIGUEL" handicap="0" knownColor="true" result="RESULT_BLACKWINS" roundNumber="2" tableNumber="4" whitePlayer="SÁNCHEZJESÚS"/>
<Game blackPlayer="SAMPER_MUNOZJUAN_FELIPE" handicap="0" knownColor="true" result="RESULT_BLACKWINS" roundNumber="3" tableNumber="1" whitePlayer="BURGOSJUAN_FELIPE"/>
<Game blackPlayer="BRAVOLEONARDO" handicap="0" knownColor="true" result="RESULT_BLACKWINS" roundNumber="3" tableNumber="2" whitePlayer="HENAO_ROABRANDAL_JOSUE"/>
<Game blackPlayer="ESPINOSA-URIBESANTIAGO" handicap="0" knownColor="true" result="RESULT_BLACKWINS" roundNumber="3" tableNumber="3" whitePlayer="BEJARANOMIGUEL"/>
<Game blackPlayer="ACUÑACAMILO" handicap="0" knownColor="true" result="RESULT_BLACKWINS" roundNumber="3" tableNumber="4" whitePlayer="SÁNCHEZJESÚS"/>
<Game blackPlayer="SAMPER_MUNOZJUAN_FELIPE" handicap="0" knownColor="true" result="RESULT_WHITEWINS" roundNumber="4" tableNumber="1" whitePlayer="ESPINOSA-URIBESANTIAGO"/>
<Game blackPlayer="ACUÑACAMILO" handicap="0" knownColor="true" result="RESULT_WHITEWINS" roundNumber="4" tableNumber="2" whitePlayer="BURGOSJUAN_FELIPE"/>
<Game blackPlayer="BEJARANOMIGUEL" handicap="0" knownColor="true" result="RESULT_BLACKWINS" roundNumber="4" tableNumber="3" whitePlayer="BRAVOLEONARDO"/>
<Game blackPlayer="SÁNCHEZJESÚS" handicap="0" knownColor="true" result="RESULT_WHITEWINS" roundNumber="4" tableNumber="4" whitePlayer="HENAO_ROABRANDAL_JOSUE"/>
</Games>
<TournamentParameterSet>
<GeneralParameterSet basicTime="60" beginDate="2019-11-16" canByoYomiTime="300" complementaryTimeSystem="STDBYOYOMI" director="Sampi" endDate="2019-11-16" fischerTime="10" genCountNotPlayedGamesAsHalfPoint="false" genMMBar="9D" genMMFloor="30K" genMMS2ValueAbsent="1" genMMS2ValueBye="2" genMMZero="30K" genNBW2ValueAbsent="0" genNBW2ValueBye="2" genRoundDownNBWMMS="true" komi="7.5" location="Bogotá" name="Tercera parada 2019" nbMovesCanTime="15" numberOfCategories="1" numberOfRounds="5" shortName="EssaiTercera 2019" size="19" stdByoYomiTime="30"/>
<HandicapParameterSet hdBasedOnMMS="false" hdCeiling="0" hdCorrection="0" hdNoHdRankThreshold="30K"/>
<PlacementParameterSet>
<PlacementCriteria>
<PlacementCriterion name="NBW" number="1"/>
<PlacementCriterion name="SOSW" number="2"/>
<PlacementCriterion name="SOSOSW" number="3"/>
<PlacementCriterion name="NULL" number="4"/>
<PlacementCriterion name="NULL" number="5"/>
<PlacementCriterion name="NULL" number="6"/>
</PlacementCriteria>
</PlacementParameterSet>
<PairingParameterSet paiBaAvoidDuplGame="500000000000000" paiBaBalanceWB="1000000" paiBaDeterministic="true" paiBaRandom="0" paiMaAdditionalPlacementCritSystem1="Rating" paiMaAdditionalPlacementCritSystem2="Rating" paiMaAvoidMixingCategories="0" paiMaCompensateDUDD="true" paiMaDUDDLowerMode="MID" paiMaDUDDUpperMode="MID" paiMaDUDDWeight="100000000" paiMaLastRoundForSeedSystem1="2" paiMaMaximizeSeeding="5000000" paiMaMinimizeScoreDifference="100000000000" paiMaSeedSystem1="SPLITANDSLIP" paiMaSeedSystem2="SPLITANDSLIP" paiSeAvoidSameGeo="0" paiSeBarThresholdActive="true" paiSeDefSecCrit="20000000000000" paiSeMinimizeHandicap="0" paiSeNbWinsThresholdActive="true" paiSePreferMMSDiffRatherThanSameClub="0" paiSePreferMMSDiffRatherThanSameClubsGroup="0" paiSePreferMMSDiffRatherThanSameCountry="0" paiSeRankThreshold="30K" paiStandardNX1Factor="0.5"/>
<DPParameterSet displayClCol="true" displayCoCol="true" displayIndGamesInMatches="true" displayNPPlayers="false" displayNumCol="true" displayPlCol="true" gameFormat="short" playerSortType="name" showByePlayer="true" showNotFinallyRegisteredPlayers="true" showNotPairedPlayers="true" showNotParticipatingPlayers="false" showPlayerClub="true" showPlayerCountry="false" showPlayerGrade="true"/>
<PublishParameterSet exportToLocalFile="true" htmlAutoScroll="false" print="true"/>
</TournamentParameterSet>
<TeamTournamentParameterSet>
<TeamGeneralParameterSet teamSize="4"/>
<TeamPlacementParameterSet>
<PlacementCriteria>
<PlacementCriterion name="TEAMP" number="1"/>
<PlacementCriterion name="BDW" number="2"/>
<PlacementCriterion name="BDW3U" number="3"/>
<PlacementCriterion name="BDW2U" number="4"/>
<PlacementCriterion name="BDW1U" number="5"/>
<PlacementCriterion name="MNR" number="6"/>
</PlacementCriteria>
</TeamPlacementParameterSet>
</TeamTournamentParameterSet>
</Tournament>
