<?xml version="1.0" encoding="UTF-8" standalone="no"?>
<Tournament dataVersion="201" externalIPAddress="" gothaMinorVersion="5" gothaVersion="348" saveDT="20191106152429">
<Players>
<Player agaExpirationDate="" agaId="" club="56Lo" country="FR" egfPin="" ffgLicence="0534001" ffgLicenceStatus="L" firstName="Maël" grade="2D" name="Rabasse" participating="11111111111111111111" rank="2D" rating="2243" ratingOrigin="FFG" registeringStatus="FIN" smmsCorrection="0"/>
<Player agaExpirationDate="" agaId="" club="35Re" country="FR" egfPin="" ffgLicence="1100085" ffgLicenceStatus="L" firstName="Alban" grade="4D" name="Granger" participating="11111111111111111111" rank="4D" rating="2353" ratingOrigin="FFG" registeringStatus="FIN" smmsCorrection="0"/>
<Player agaExpirationDate="" agaId="" club="75Al" country="FR" egfPin="" ffgLicence="1100316" ffgLicenceStatus="L" firstName="Louis" grade="4D" name="Dumont" participating="11111111111111111111" rank="4D" rating="2360" ratingOrigin="FFG" registeringStatus="FIN" smmsCorrection="0"/>
<Player agaExpirationDate="" agaId="" club="75Ju" country="FR" egfPin="" ffgLicence="0800178" ffgLicenceStatus="L" firstName="Benjamin" grade="4D" name="Blanchard" participating="11111111111111111111" rank="4D" rating="2381" ratingOrigin="FFG" registeringStatus="FIN" smmsCorrection="0"/>
<Player agaExpirationDate="" agaId="" club="91Or" country="FR" egfPin="" ffgLicence="0426802" ffgLicenceStatus="L" firstName="Stéphan" grade="3D" name="Kunne" participating="11111111111111111111" rank="3D" rating="2272" ratingOrigin="FFG" registeringStatus="FIN" smmsCorrection="0"/>
<Player agaExpirationDate="" agaId="" club="35Re" country="FR" egfPin="" ffgLicence="9837203" ffgLicenceStatus="L" firstName="Benjamin" grade="5D" name="Papazoglou" participating="11111111111111111111" rank="5D" rating="2500" ratingOrigin="FFG" registeringStatus="FIN" smmsCorrection="0"/>
<Player agaExpirationDate="" agaId="" club="38Gr" country="FR" egfPin="" ffgLicence="1200201" ffgLicenceStatus="L" firstName="Florent" grade="5D" name="Labouret" participating="11111111111111111111" rank="5D" rating="2474" ratingOrigin="FFG" registeringStatus="FIN" smmsCorrection="0"/>
<Player agaExpirationDate="" agaId="" club="44Na" country="FR" egfPin="" ffgLicence="0635000" ffgLicenceStatus="L" firstName="Benjamin" grade="6D" name="Dréan-Guénaizia" participating="11111111111111111111" rank="6D" rating="2630" ratingOrigin="FFG" registeringStatus="FIN" smmsCorrection="0"/>
<Player agaExpirationDate="" agaId="" club="75Al" country="FR" egfPin="" ffgLicence="0514106" ffgLicenceStatus="L" firstName="Fabien" grade="4D" name="Lips" participating="11111111111111111111" rank="4D" rating="2405" ratingOrigin="FFG" registeringStatus="FIN" smmsCorrection="0"/>
<Player agaExpirationDate="" agaId="" club="75Ju" country="FR" egfPin="" ffgLicence="0800298" ffgLicenceStatus="L" firstName="Manuel" grade="3D" name="Frangi" participating="11111111111111111111" rank="3D" rating="2252" ratingOrigin="FFG" registeringStatus="FIN" smmsCorrection="0"/>
<Player agaExpirationDate="" agaId="" club="38Gr" country="FR" egfPin="" ffgLicence="0634001" ffgLicenceStatus="L" firstName="Mathieu" grade="4D" name="Delli-Zotti" participating="11111111111111111111" rank="4D" rating="2380" ratingOrigin="FFG" registeringStatus="FIN" smmsCorrection="0"/>
<Player agaExpirationDate="" agaId="" club="92An" country="FR" egfPin="" ffgLicence="1600067" ffgLicenceStatus="L" firstName="Linh_Vu" grade="4D" name="Tu" participating="11111111111111111111" rank="4D" rating="2364" ratingOrigin="FFG" registeringStatus="FIN" smmsCorrection="0"/>
<Player agaExpirationDate="" agaId="" club="84Av" country="FR" egfPin="" ffgLicence="1500264" ffgLicenceStatus="L" firstName="Samuel" grade="3D" name="Teissier" participating="11111111111111111111" rank="3D" rating="2305" ratingOrigin="FFG" registeringStatus="FIN" smmsCorrection="0"/>
<Player agaExpirationDate="" agaId="" club="79Ni" country="FR" egfPin="" ffgLicence="1200238" ffgLicenceStatus="L" firstName="Maxence" grade="4D" name="Lothe" participating="11111111111111111111" rank="4D" rating="2387" ratingOrigin="FFG" registeringStatus="FIN" smmsCorrection="0"/>
<Player agaExpirationDate="" agaId="" club="67SE" country="FR" egfPin="" ffgLicence="0188703" ffgLicenceStatus="L" firstName="Thomas" grade="7D" name="Debarre" participating="11111111111111111111" rank="7D" rating="2650" ratingOrigin="FFG" registeringStatus="FIN" smmsCorrection="0"/>
<Player agaExpirationDate="" agaId="" club="38Gr" country="FR" egfPin="" ffgLicence="0900438" ffgLicenceStatus="L" firstName="Denis" grade="5D" name="Karadaban" participating="11111111111111111111" rank="5D" rating="2475" ratingOrigin="FFG" registeringStatus="FIN" smmsCorrection="0"/>
</Players>
<Games>
<Game blackPlayer="DEBARRETHOMAS" handicap="0" knownColor="true" result="RESULT_BLACKWINS" roundNumber="1" tableNumber="1" whitePlayer="RABASSEMAËL"/>
<Game blackPlayer="DRÉAN-GUÉNAIZIABENJAMIN" handicap="0" knownColor="true" result="RESULT_BLACKWINS" roundNumber="1" tableNumber="2" whitePlayer="FRANGIMANUEL"/>
<Game blackPlayer="PAPAZOGLOUBENJAMIN" handicap="0" knownColor="true" result="RESULT_BLACKWINS" roundNumber="1" tableNumber="3" whitePlayer="KUNNESTÉPHAN"/>
<Game blackPlayer="TEISSIERSAMUEL" handicap="0" knownColor="true" result="RESULT_BLACKWINS" roundNumber="1" tableNumber="4" whitePlayer="KARADABANDENIS"/>
<Game blackPlayer="LABOURETFLORENT" handicap="0" knownColor="true" result="RESULT_WHITEWINS" roundNumber="1" tableNumber="5" whitePlayer="GRANGERALBAN"/>
<Game blackPlayer="DUMONTLOUIS" handicap="0" knownColor="true" result="RESULT_BLACKWINS" roundNumber="1" tableNumber="6" whitePlayer="LIPSFABIEN"/>
<Game blackPlayer="TULINH_VU" handicap="0" knownColor="true" result="RESULT_BLACKWINS" roundNumber="1" tableNumber="7" whitePlayer="LOTHEMAXENCE"/>
<Game blackPlayer="BLANCHARDBENJAMIN" handicap="0" knownColor="true" result="RESULT_WHITEWINS" roundNumber="1" tableNumber="8" whitePlayer="DELLI-ZOTTIMATHIEU"/>
<Game blackPlayer="KUNNESTÉPHAN" handicap="0" knownColor="true" result="RESULT_BLACKWINS" roundNumber="3" tableNumber="1" whitePlayer="KARADABANDENIS"/>
<Game blackPlayer="DUMONTLOUIS" handicap="0" knownColor="true" result="RESULT_BLACKWINS" roundNumber="3" tableNumber="2" whitePlayer="TULINH_VU"/>
<Game blackPlayer="DELLI-ZOTTIMATHIEU" handicap="0" knownColor="true" result="RESULT_BLACKWINS" roundNumber="3" tableNumber="3" whitePlayer="TEISSIERSAMUEL"/>
<Game blackPlayer="DRÉAN-GUÉNAIZIABENJAMIN" handicap="0" knownColor="true" result="RESULT_BLACKWINS" roundNumber="3" tableNumber="4" whitePlayer="PAPAZOGLOUBENJAMIN"/>
<Game blackPlayer="LOTHEMAXENCE" handicap="0" knownColor="true" result="RESULT_WHITEWINS" roundNumber="3" tableNumber="5" whitePlayer="LABOURETFLORENT"/>
<Game blackPlayer="LIPSFABIEN" handicap="0" knownColor="true" result="RESULT_BLACKWINS" roundNumber="3" tableNumber="6" whitePlayer="RABASSEMAËL"/>
<Game blackPlayer="DEBARRETHOMAS" handicap="0" knownColor="true" result="RESULT_BLACKWINS" roundNumber="3" tableNumber="7" whitePlayer="GRANGERALBAN"/>
<Game blackPlayer="FRANGIMANUEL" handicap="0" knownColor="true" result="RESULT_WHITEWINS" roundNumber="3" tableNumber="8" whitePlayer="BLANCHARDBENJAMIN"/>
<Game blackPlayer="DEBARRETHOMAS" handicap="0" knownColor="true" result="RESULT_BLACKWINS" roundNumber="2" tableNumber="1" whitePlayer="DELLI-ZOTTIMATHIEU"/>
<Game blackPlayer="TULINH_VU" handicap="0" knownColor="true" result="RESULT_WHITEWINS" roundNumber="2" tableNumber="2" whitePlayer="DRÉAN-GUÉNAIZIABENJAMIN"/>
<Game blackPlayer="DUMONTLOUIS" handicap="0" knownColor="true" result="RESULT_WHITEWINS" roundNumber="2" tableNumber="3" whitePlayer="PAPAZOGLOUBENJAMIN"/>
<Game blackPlayer="RABASSEMAËL" handicap="0" knownColor="true" result="RESULT_WHITEWINS" roundNumber="2" tableNumber="4" whitePlayer="KARADABANDENIS"/>
<Game blackPlayer="LABOURETFLORENT" handicap="0" knownColor="true" result="RESULT_BLACKWINS" roundNumber="2" tableNumber="5" whitePlayer="FRANGIMANUEL"/>
<Game blackPlayer="GRANGERALBAN" handicap="0" knownColor="true" result="RESULT_BLACKWINS" roundNumber="2" tableNumber="6" whitePlayer="TEISSIERSAMUEL"/>
<Game blackPlayer="LIPSFABIEN" handicap="0" knownColor="true" result="RESULT_WHITEWINS" roundNumber="2" tableNumber="7" whitePlayer="KUNNESTÉPHAN"/>
<Game blackPlayer="LOTHEMAXENCE" handicap="0" knownColor="true" result="RESULT_BLACKWINS" roundNumber="2" tableNumber="8" whitePlayer="BLANCHARDBENJAMIN"/>
<Game blackPlayer="DEBARRETHOMAS" handicap="0" knownColor="true" result="RESULT_WHITEWINS" roundNumber="4" tableNumber="1" whitePlayer="DRÉAN-GUÉNAIZIABENJAMIN"/>
<Game blackPlayer="BLANCHARDBENJAMIN" handicap="0" knownColor="true" result="RESULT_WHITEWINS" roundNumber="4" tableNumber="2" whitePlayer="LIPSFABIEN"/>
<Game blackPlayer="GRANGERALBAN" handicap="0" knownColor="true" result="RESULT_WHITEWINS" roundNumber="4" tableNumber="3" whitePlayer="PAPAZOGLOUBENJAMIN"/>
<Game blackPlayer="DUMONTLOUIS" handicap="0" knownColor="true" result="RESULT_BLACKWINS" roundNumber="4" tableNumber="4" whitePlayer="DELLI-ZOTTIMATHIEU"/>
<Game blackPlayer="LABOURETFLORENT" handicap="0" knownColor="true" result="RESULT_BLACKWINS" roundNumber="4" tableNumber="5" whitePlayer="KUNNESTÉPHAN"/>
<Game blackPlayer="TULINH_VU" handicap="0" knownColor="true" result="RESULT_BLACKWINS" roundNumber="4" tableNumber="6" whitePlayer="TEISSIERSAMUEL"/>
<Game blackPlayer="KARADABANDENIS" handicap="0" knownColor="true" result="RESULT_BLACKWINS" roundNumber="4" tableNumber="7" whitePlayer="LOTHEMAXENCE"/>
<Game blackPlayer="RABASSEMAËL" handicap="0" knownColor="true" result="RESULT_WHITEWINS" roundNumber="4" tableNumber="8" whitePlayer="FRANGIMANUEL"/>
</Games>
<TournamentParameterSet>
<GeneralParameterSet basicTime="60" beginDate="2019-11-02" canByoYomiTime="300" complementaryTimeSystem="STDBYOYOMI" director="Thomas Dufour" endDate="2019-11-02" fischerTime="10" genCountNotPlayedGamesAsHalfPoint="false" genMMBar="9D" genMMFloor="30K" genMMS2ValueAbsent="1" genMMS2ValueBye="2" genMMZero="30K" genNBW2ValueAbsent="0" genNBW2ValueBye="2" genRoundDownNBWMMS="true" komi="7.5" location="toulouse" name="Finale championnat de France2" nbMovesCanTime="15" numberOfCategories="1" numberOfRounds="4" shortName="finale championnat de France" size="19" stdByoYomiTime="30"/>
<HandicapParameterSet hdBasedOnMMS="false" hdCeiling="0" hdCorrection="0" hdNoHdRankThreshold="30K"/>
<PlacementParameterSet>
<PlacementCriteria>
<PlacementCriterion name="NBW" number="1"/>
<PlacementCriterion name="STS" number="2"/>
<PlacementCriterion name="SOSOSW" number="3"/>
<PlacementCriterion name="NULL" number="4"/>
<PlacementCriterion name="NULL" number="5"/>
<PlacementCriterion name="NULL" number="6"/>
</PlacementCriteria>
</PlacementParameterSet>
<PairingParameterSet paiBaAvoidDuplGame="500000000000000" paiBaBalanceWB="1000000" paiBaDeterministic="true" paiBaRandom="0" paiMaAdditionalPlacementCritSystem1="Rating" paiMaAdditionalPlacementCritSystem2="Rating" paiMaAvoidMixingCategories="0" paiMaCompensateDUDD="true" paiMaDUDDLowerMode="MID" paiMaDUDDUpperMode="MID" paiMaDUDDWeight="100000000" paiMaLastRoundForSeedSystem1="2" paiMaMaximizeSeeding="5000000" paiMaMinimizeScoreDifference="100000000000" paiMaSeedSystem1="SPLITANDFOLD" paiMaSeedSystem2="SPLITANDFOLD" paiSeAvoidSameGeo="0" paiSeBarThresholdActive="true" paiSeDefSecCrit="20000000000000" paiSeMinimizeHandicap="0" paiSeNbWinsThresholdActive="true" paiSePreferMMSDiffRatherThanSameClub="0" paiSePreferMMSDiffRatherThanSameClubsGroup="0" paiSePreferMMSDiffRatherThanSameCountry="0" paiSeRankThreshold="30K" paiStandardNX1Factor="0.5"/>
<DPParameterSet displayClCol="true" displayCoCol="true" displayIndGamesInMatches="true" displayNPPlayers="false" displayNumCol="true" displayPlCol="true" gameFormat="short" playerSortType="name" showByePlayer="true" showNotFinallyRegisteredPlayers="true" showNotPairedPlayers="true" showNotParticipatingPlayers="false" showPlayerClub="true" showPlayerCountry="false" showPlayerGrade="true"/>
<PublishParameterSet exportToLocalFile="true" htmlAutoScroll="false" print="true"/>
</TournamentParameterSet>
<TeamTournamentParameterSet>
<TeamGeneralParameterSet teamSize="4"/>
<TeamPlacementParameterSet>
<PlacementCriteria>
<PlacementCriterion name="TEAMP" number="1"/>
<PlacementCriterion name="BDW" number="2"/>
<PlacementCriterion name="BDW3U" number="3"/>
<PlacementCriterion name="BDW2U" number="4"/>
<PlacementCriterion name="BDW1U" number="5"/>
<PlacementCriterion name="MNR" number="6"/>
</PlacementCriteria>
</TeamPlacementParameterSet>
</TeamTournamentParameterSet>
</Tournament>
