<?xml version="1.0" encoding="UTF-8" standalone="no"?>
<!DOCTYPE Tournament SYSTEM "tournament.dtd">
<Tournament dataVersion="201" gothaMinorVersion="4" gothaVersion="348">
<Players>
<Player agaExpirationDate="" agaId="" club="13Ma" country="FR" egfPin="" ffgLicence="9577000" ffgLicenceStatus="L" firstName="Bernard" grade="2K" name="Coppe" participating="11100000000000000000" rank="2K" rating="1926" ratingOrigin="FFG : -124" registeringStatus="FIN" smmsCorrection="0"/>
<Player agaExpirationDate="" agaId="" club="13Ma" country="FR" egfPin="" ffgLicence="1700001" ffgLicenceStatus="-" firstName="Antoine" grade="17K" name="Willenbücker" participating="11111111111111111111" rank="17K" rating="350" ratingOrigin="FFG : -1700" registeringStatus="FIN" smmsCorrection="0"/>
<Player agaExpirationDate="" agaId="" club="31To" country="FR" egfPin="" ffgLicence="0652022" ffgLicenceStatus="L" firstName="Jérôme" grade="10K" name="Dupuy" participating="11111111111111111111" rank="10K" rating="1118" ratingOrigin="FFG : -932" registeringStatus="FIN" smmsCorrection="0"/>
<Player agaExpirationDate="" agaId="" club="38GJ" country="FR" egfPin="" ffgLicence="1300156" ffgLicenceStatus="L" firstName="Elian" grade="1K" name="Mangin" participating="11111111111111111111" rank="1K" rating="2006" ratingOrigin="FFG : -44" registeringStatus="FIN" smmsCorrection="0"/>
<Player agaExpirationDate="" agaId="" club="75Al" country="FR" egfPin="" ffgLicence="0514106" ffgLicenceStatus="L" firstName="Fabien" grade="4D" name="Lips" participating="11111111111111111111" rank="4D" rating="2431" ratingOrigin="FFG : 381" registeringStatus="FIN" smmsCorrection="0"/>
<Player agaExpirationDate="" agaId="" club="69Ly" country="FR" egfPin="" ffgLicence="1700314" ffgLicenceStatus="L" firstName="François" grade="4K" name="Poulet" participating="11111111111111111111" rank="4K" rating="1701" ratingOrigin="FFG : -349" registeringStatus="FIN" smmsCorrection="0"/>
<Player agaExpirationDate="" agaId="" club="31To" country="FR" egfPin="" ffgLicence="8552003" ffgLicenceStatus="L" firstName="Benoît" grade="3D" name="Roturier" participating="11111111111111111111" rank="3D" rating="2270" ratingOrigin="FFG : 220" registeringStatus="FIN" smmsCorrection="0"/>
<Player agaExpirationDate="" agaId="" club="13Ma" country="FR" egfPin="" ffgLicence="1700003" ffgLicenceStatus="L" firstName="Morgane" grade="10K" name="Marechal" participating="11111111111111111111" rank="10K" rating="1059" ratingOrigin="FFG : -991" registeringStatus="FIN" smmsCorrection="0"/>
<Player agaExpirationDate="" agaId="" club="75Al" country="FR" egfPin="" ffgLicence="0635001" ffgLicenceStatus="L" firstName="François" grade="3D" name="Bourhis" participating="11000000000000000000" rank="3D" rating="2256" ratingOrigin="FFG : 206" registeringStatus="FIN" smmsCorrection="0"/>
<Player agaExpirationDate="" agaId="" club="13Ma" country="FR" egfPin="" ffgLicence="1800116" ffgLicenceStatus="L" firstName="Jean-François" grade="15K" name="Vaca" participating="11111111111111111111" rank="15K" rating="557" ratingOrigin="FFG : -1493" registeringStatus="FIN" smmsCorrection="0"/>
<Player agaExpirationDate="" agaId="" club="92BB" country="FR" egfPin="" ffgLicence="0591000" ffgLicenceStatus="L" firstName="Pierre" grade="6K" name="Boudailliez" participating="11111111111111111111" rank="6K" rating="1490" ratingOrigin="FFG : -560" registeringStatus="FIN" smmsCorrection="0"/>
<Player agaExpirationDate="" agaId="" club="38Gr" country="FR" egfPin="" ffgLicence="0413012" ffgLicenceStatus="-" firstName="Philippe" grade="18K" name="Leclercq" participating="00111111111111111111" rank="18K" rating="250" ratingOrigin="FFG : -1800" registeringStatus="FIN" smmsCorrection="0"/>
<Player agaExpirationDate="" agaId="" club="63Ce" country="FR" egfPin="" ffgLicence="0177002" ffgLicenceStatus="L" firstName="Roland" grade="6K" name="Carbonnel" participating="00111111111111111111" rank="6K" rating="1541" ratingOrigin="FFG : -509" registeringStatus="FIN" smmsCorrection="0"/>
<Player agaExpirationDate="" agaId="" club="75Al" country="FR" egfPin="" ffgLicence="1900204" ffgLicenceStatus="L" firstName="Timothy" grade="4K" name="Eden" participating="11111111111111111111" rank="4K" rating="1734" ratingOrigin="FFG : -316" registeringStatus="FIN" smmsCorrection="0"/>
<Player agaExpirationDate="" agaId="" club="BE" country="DE" egfPin="" ffgLicence="" ffgLicenceStatus="" firstName="Ralf" grade="20K" name="Haselhuhn" participating="01100000000000000000" rank="20K" rating="-900" ratingOrigin="INI" registeringStatus="FIN" smmsCorrection="0"/>
<Player agaExpirationDate="" agaId="" club="84Va" country="FR" egfPin="" ffgLicence="8414001" ffgLicenceStatus="L" firstName="Philippe" grade="4K" name="Brochet" participating="11111111111111111111" rank="4K" rating="1712" ratingOrigin="FFG : -338" registeringStatus="FIN" smmsCorrection="0"/>
<Player agaExpirationDate="" agaId="" club="13Ma" country="FR" egfPin="" ffgLicence="7913200" ffgLicenceStatus="-" firstName="Philippe" grade="8K" name="Coppey" participating="11111111111111111111" rank="8K" rating="1250" ratingOrigin="FFG : -800" registeringStatus="FIN" smmsCorrection="0"/>
<Player agaExpirationDate="" agaId="" club="13Ma" country="FR" egfPin="" ffgLicence="9623561" ffgLicenceStatus="L" firstName="Gaël" grade="8K" name="le_Lidec" participating="11111111111111111111" rank="8K" rating="1336" ratingOrigin="FFG : -714" registeringStatus="FIN" smmsCorrection="0"/>
<Player agaExpirationDate="" agaId="" club="13Ma" country="FR" egfPin="" ffgLicence="1400310" ffgLicenceStatus="-" firstName="Lilou-Fleur" grade="30K" name="Coppé" participating="01100000000000000000" rank="30K" rating="-900" ratingOrigin="FFG : -3000" registeringStatus="FIN" smmsCorrection="0"/>
<Player agaExpirationDate="" agaId="" club="34Mo" country="FR" egfPin="" ffgLicence="1000483" ffgLicenceStatus="L" firstName="Sylvain" grade="3K" name="Col" participating="11111111111111111111" rank="3K" rating="1777" ratingOrigin="FFG : -273" registeringStatus="FIN" smmsCorrection="0"/>
<Player agaExpirationDate="" agaId="" club="13Ma" country="FR" egfPin="" ffgLicence="1900233" ffgLicenceStatus="X" firstName="Antoine" grade="18K" name="Ozerov" participating="11111111111111111111" rank="18K" rating="250" ratingOrigin="FFG : -1800" registeringStatus="FIN" smmsCorrection="0"/>
<Player agaExpirationDate="" agaId="" club="69Ly" country="FR" egfPin="" ffgLicence="0800078" ffgLicenceStatus="L" firstName="Rémi" grade="2K" name="Cornaggia" participating="11111111111111111111" rank="2K" rating="1862" ratingOrigin="FFG : -188" registeringStatus="FIN" smmsCorrection="0"/>
<Player agaExpirationDate="" agaId="" club="BE" country="DE" egfPin="" ffgLicence="1200001" ffgLicenceStatus="-" firstName="Adrian" grade="4D" name="Passow" participating="11111111111111111111" rank="4D" rating="2350" ratingOrigin="FFG : 300" registeringStatus="FIN" smmsCorrection="0"/>
<Player agaExpirationDate="" agaId="" club="13Ma" country="FR" egfPin="" ffgLicence="1900232" ffgLicenceStatus="X" firstName="Alexandre" grade="18K" name="Bongiovanni" participating="11111111111111111111" rank="18K" rating="250" ratingOrigin="FFG : -1800" registeringStatus="FIN" smmsCorrection="0"/>
<Player agaExpirationDate="" agaId="" club="75Ju" country="FR" egfPin="" ffgLicence="1300154" ffgLicenceStatus="-" firstName="Adriaan-Alexander" grade="2K" name="Ludl" participating="11111111111111111111" rank="2K" rating="1850" ratingOrigin="FFG : -200" registeringStatus="FIN" smmsCorrection="0"/>
<Player agaExpirationDate="" agaId="" club="84Va" country="FR" egfPin="" ffgLicence="0474723" ffgLicenceStatus="L" firstName="Quentin" grade="6K" name="Vigne" participating="11111111111111111111" rank="6K" rating="1497" ratingOrigin="FFG : -553" registeringStatus="FIN" smmsCorrection="0"/>
<Player agaExpirationDate="" agaId="" club="13Ma" country="FR" egfPin="" ffgLicence="1700173" ffgLicenceStatus="-" firstName="Joackim" grade="13K" name="Quenel" participating="11100000000000000000" rank="13K" rating="750" ratingOrigin="FFG : -1300" registeringStatus="FIN" smmsCorrection="0"/>
<Player agaExpirationDate="" agaId="" club="34Mo" country="FR" egfPin="" ffgLicence="1600183" ffgLicenceStatus="L" firstName="Bob" grade="1K" name="Beduneau" participating="11000000000000000000" rank="1K" rating="1997" ratingOrigin="FFG : -53" registeringStatus="FIN" smmsCorrection="0"/>
<Player agaExpirationDate="" agaId="" club="06Pe" country="FR" egfPin="" ffgLicence="0700389" ffgLicenceStatus="L" firstName="Christophe" grade="8K" name="Rachez" participating="11111111111111111111" rank="8K" rating="1268" ratingOrigin="FFG : -782" registeringStatus="FIN" smmsCorrection="0"/>
<Player agaExpirationDate="" agaId="" club="13Ma" country="FR" egfPin="" ffgLicence="" ffgLicenceStatus="" firstName="Païkan" grade="13K" name="Marcaggi" participating="11111111111111111111" rank="13K" rating="800" ratingOrigin="INI" registeringStatus="FIN" smmsCorrection="0"/>
<Player agaExpirationDate="" agaId="" club="06Pe" country="FR" egfPin="" ffgLicence="1500015" ffgLicenceStatus="L" firstName="Stéphane" grade="3K" name="Thao" participating="11111111111111111111" rank="3K" rating="1848" ratingOrigin="FFG : -202" registeringStatus="FIN" smmsCorrection="0"/>
<Player agaExpirationDate="" agaId="" club="84Va" country="FR" egfPin="" ffgLicence="0574710" ffgLicenceStatus="L" firstName="Jean-Philippe" grade="2K" name="Hueber" participating="11111111111111111111" rank="2K" rating="1884" ratingOrigin="FFG : -166" registeringStatus="FIN" smmsCorrection="0"/>
<Player agaExpirationDate="" agaId="" club="75Al" country="FR" egfPin="" ffgLicence="1200291" ffgLicenceStatus="L" firstName="Julien" grade="2D" name="Maltere" participating="11100000000000000000" rank="2D" rating="2157" ratingOrigin="FFG : 107" registeringStatus="FIN" smmsCorrection="0"/>
<Player agaExpirationDate="" agaId="" club="13Ma" country="FR" egfPin="" ffgLicence="0077004" ffgLicenceStatus="-" firstName="Vincent" grade="8K" name="Hinfray" participating="11111111111111111111" rank="8K" rating="1250" ratingOrigin="FFG : -800" registeringStatus="FIN" smmsCorrection="0"/>
<Player agaExpirationDate="" agaId="" club="06Pe" country="FR" egfPin="" ffgLicence="1000413" ffgLicenceStatus="L" firstName="Dani" grade="2K" name="Damaz" participating="11111111111111111111" rank="2K" rating="1914" ratingOrigin="FFG : -136" registeringStatus="FIN" smmsCorrection="0"/>
<Player agaExpirationDate="" agaId="" club="84Av" country="FR" egfPin="" ffgLicence="1500264" ffgLicenceStatus="L" firstName="Samuel" grade="3D" name="Teissier" participating="11111111111111111111" rank="3D" rating="2266" ratingOrigin="FFG : 216" registeringStatus="FIN" smmsCorrection="0"/>
<Player agaExpirationDate="" agaId="" club="84Av" country="FR" egfPin="" ffgLicence="0800122" ffgLicenceStatus="L" firstName="Didier" grade="8K" name="Betored" participating="11111111111111111111" rank="8K" rating="1271" ratingOrigin="FFG : -779" registeringStatus="FIN" smmsCorrection="0"/>
<Player agaExpirationDate="" agaId="" club="75Al" country="FR" egfPin="" ffgLicence="1100345" ffgLicenceStatus="L" firstName="David" grade="1K" name="Nedellec" participating="11100000000000000000" rank="1K" rating="2009" ratingOrigin="FFG : -41" registeringStatus="FIN" smmsCorrection="0"/>
<Player agaExpirationDate="" agaId="" club="84Av" country="FR" egfPin="" ffgLicence="04A0009" ffgLicenceStatus="L" firstName="Franck" grade="8K" name="Staron" participating="11111111111111111111" rank="8K" rating="1259" ratingOrigin="FFG : -791" registeringStatus="FIN" smmsCorrection="0"/>
<Player agaExpirationDate="" agaId="" club="13Ma" country="FR" egfPin="" ffgLicence="0270300" ffgLicenceStatus="-" firstName="Alexandre" grade="12K" name="Coppe" participating="11111111111111111111" rank="12K" rating="850" ratingOrigin="FFG : -1200" registeringStatus="FIN" smmsCorrection="0"/>
</Players>
<Games>
<Game blackPlayer="BOURHISFRANÇOIS" handicap="0" knownColor="true" result="RESULT_WHITEWINS" roundNumber="1" tableNumber="1" whitePlayer="TEISSIERSAMUEL"/>
<Game blackPlayer="ROTURIERBENOÎT" handicap="0" knownColor="true" result="RESULT_BLACKWINS" roundNumber="1" tableNumber="2" whitePlayer="LIPSFABIEN"/>
<Game blackPlayer="MALTEREJULIEN" handicap="0" knownColor="true" result="RESULT_BLACKWINS" roundNumber="1" tableNumber="3" whitePlayer="PASSOWADRIAN"/>
<Game blackPlayer="NEDELLECDAVID" handicap="0" knownColor="true" result="RESULT_BLACKWINS" roundNumber="1" tableNumber="5" whitePlayer="BEDUNEAUBOB"/>
<Game blackPlayer="HUEBERJEAN-PHILIPPE" handicap="0" knownColor="true" result="RESULT_WHITEWINS" roundNumber="1" tableNumber="6" whitePlayer="MANGINELIAN"/>
<Game blackPlayer="COPPEBERNARD" handicap="0" knownColor="true" result="RESULT_BLACKWINS" roundNumber="1" tableNumber="7" whitePlayer="CORNAGGIARÉMI"/>
<Game blackPlayer="LUDLADRIAAN-ALEXANDER" handicap="0" knownColor="true" result="RESULT_BLACKWINS" roundNumber="1" tableNumber="8" whitePlayer="DAMAZDANI"/>
<Game blackPlayer="THAOSTÉPHANE" handicap="0" knownColor="true" result="RESULT_BLACKWINS" roundNumber="1" tableNumber="9" whitePlayer="COLSYLVAIN"/>
<Game blackPlayer="EDENTIMOTHY" handicap="0" knownColor="true" result="RESULT_WHITEWINS" roundNumber="1" tableNumber="10" whitePlayer="POULETFRANÇOIS"/>
<Game blackPlayer="BOUDAILLIEZPIERRE" handicap="1" knownColor="true" result="RESULT_WHITEWINS" roundNumber="1" tableNumber="11" whitePlayer="BROCHETPHILIPPE"/>
<Game blackPlayer="COPPEYPHILIPPE" handicap="1" knownColor="true" result="RESULT_WHITEWINS" roundNumber="1" tableNumber="12" whitePlayer="VIGNEQUENTIN"/>
<Game blackPlayer="BETOREDDIDIER" handicap="0" knownColor="true" result="RESULT_BLACKWINS" roundNumber="1" tableNumber="13" whitePlayer="HINFRAYVINCENT"/>
<Game blackPlayer="LE_LIDECGAËL" handicap="0" knownColor="true" result="RESULT_BLACKWINS" roundNumber="1" tableNumber="14" whitePlayer="STARONFRANCK"/>
<Game blackPlayer="MARECHALMORGANE" handicap="1" knownColor="true" result="RESULT_BLACKWINS" roundNumber="1" tableNumber="15" whitePlayer="RACHEZCHRISTOPHE"/>
<Game blackPlayer="COPPEALEXANDRE" handicap="1" knownColor="true" result="RESULT_BLACKWINS" roundNumber="1" tableNumber="16" whitePlayer="DUPUYJÉRÔME"/>
<Game blackPlayer="MARCAGGIPAÏKAN" handicap="0" knownColor="true" result="RESULT_WHITEWINS" roundNumber="1" tableNumber="17" whitePlayer="QUENELJOACKIM"/>
<Game blackPlayer="WILLENBÜCKERANTOINE" handicap="1" knownColor="true" result="RESULT_BLACKWINS" roundNumber="1" tableNumber="18" whitePlayer="VACAJEAN-FRANÇOIS"/>
<Game blackPlayer="OZEROVANTOINE" handicap="0" knownColor="true" result="RESULT_BLACKWINS" roundNumber="1" tableNumber="19" whitePlayer="BONGIOVANNIALEXANDRE"/>
<Game blackPlayer="TEISSIERSAMUEL" handicap="0" knownColor="true" result="RESULT_UNKNOWN" roundNumber="4" tableNumber="1" whitePlayer="LIPSFABIEN"/>
<Game blackPlayer="ROTURIERBENOÎT" handicap="0" knownColor="true" result="RESULT_UNKNOWN" roundNumber="4" tableNumber="2" whitePlayer="MANGINELIAN"/>
<Game blackPlayer="PASSOWADRIAN" handicap="0" knownColor="true" result="RESULT_UNKNOWN" roundNumber="4" tableNumber="3" whitePlayer="THAOSTÉPHANE"/>
<Game blackPlayer="CORNAGGIARÉMI" handicap="0" knownColor="true" result="RESULT_UNKNOWN" roundNumber="4" tableNumber="4" whitePlayer="LUDLADRIAAN-ALEXANDER"/>
<Game blackPlayer="POULETFRANÇOIS" handicap="0" knownColor="true" result="RESULT_UNKNOWN" roundNumber="4" tableNumber="5" whitePlayer="COLSYLVAIN"/>
<Game blackPlayer="EDENTIMOTHY" handicap="0" knownColor="true" result="RESULT_UNKNOWN" roundNumber="4" tableNumber="6" whitePlayer="HUEBERJEAN-PHILIPPE"/>
<Game blackPlayer="BROCHETPHILIPPE" handicap="0" knownColor="true" result="RESULT_UNKNOWN" roundNumber="4" tableNumber="7" whitePlayer="DAMAZDANI"/>
<Game blackPlayer="BOUDAILLIEZPIERRE" handicap="0" knownColor="true" result="RESULT_UNKNOWN" roundNumber="4" tableNumber="8" whitePlayer="CARBONNELROLAND"/>
<Game blackPlayer="LE_LIDECGAËL" handicap="1" knownColor="true" result="RESULT_UNKNOWN" roundNumber="4" tableNumber="9" whitePlayer="VIGNEQUENTIN"/>
<Game blackPlayer="COPPEYPHILIPPE" handicap="0" knownColor="true" result="RESULT_UNKNOWN" roundNumber="4" tableNumber="10" whitePlayer="STARONFRANCK"/>
<Game blackPlayer="MARECHALMORGANE" handicap="1" knownColor="true" result="RESULT_UNKNOWN" roundNumber="4" tableNumber="11" whitePlayer="BETOREDDIDIER"/>
<Game blackPlayer="DUPUYJÉRÔME" handicap="0" knownColor="true" result="RESULT_UNKNOWN" roundNumber="4" tableNumber="12" whitePlayer="HINFRAYVINCENT"/>
<Game blackPlayer="COPPEALEXANDRE" handicap="1" knownColor="true" result="RESULT_UNKNOWN" roundNumber="4" tableNumber="13" whitePlayer="RACHEZCHRISTOPHE"/>
<Game blackPlayer="WILLENBÜCKERANTOINE" handicap="2" knownColor="true" result="RESULT_UNKNOWN" roundNumber="4" tableNumber="14" whitePlayer="MARCAGGIPAÏKAN"/>
<Game blackPlayer="BONGIOVANNIALEXANDRE" handicap="1" knownColor="true" result="RESULT_UNKNOWN" roundNumber="4" tableNumber="15" whitePlayer="VACAJEAN-FRANÇOIS"/>
<Game blackPlayer="OZEROVANTOINE" handicap="0" knownColor="true" result="RESULT_UNKNOWN" roundNumber="4" tableNumber="16" whitePlayer="LECLERCQPHILIPPE"/>
<Game blackPlayer="MALTEREJULIEN" handicap="0" knownColor="true" result="RESULT_WHITEWINS" roundNumber="3" tableNumber="1" whitePlayer="LIPSFABIEN"/>
<Game blackPlayer="TEISSIERSAMUEL" handicap="0" knownColor="true" result="RESULT_BLACKWINS" roundNumber="3" tableNumber="2" whitePlayer="ROTURIERBENOÎT"/>
<Game blackPlayer="MANGINELIAN" handicap="0" knownColor="true" result="RESULT_BLACKWINS" roundNumber="3" tableNumber="3" whitePlayer="PASSOWADRIAN"/>
<Game blackPlayer="NEDELLECDAVID" handicap="0" knownColor="true" result="RESULT_BLACKWINS" roundNumber="3" tableNumber="4" whitePlayer="COPPEBERNARD"/>
<Game blackPlayer="THAOSTÉPHANE" handicap="0" knownColor="true" result="RESULT_BLACKWINS" roundNumber="3" tableNumber="5" whitePlayer="LUDLADRIAAN-ALEXANDER"/>
<Game blackPlayer="HUEBERJEAN-PHILIPPE" handicap="0" knownColor="true" result="RESULT_WHITEWINS" roundNumber="3" tableNumber="6" whitePlayer="CORNAGGIARÉMI"/>
<Game blackPlayer="BROCHETPHILIPPE" handicap="0" knownColor="true" result="RESULT_WHITEWINS" roundNumber="3" tableNumber="7" whitePlayer="POULETFRANÇOIS"/>
<Game blackPlayer="DAMAZDANI" handicap="0" knownColor="true" result="RESULT_WHITEWINS" roundNumber="3" tableNumber="8" whitePlayer="EDENTIMOTHY"/>
<Game blackPlayer="VIGNEQUENTIN" handicap="0" knownColor="true" result="RESULT_BLACKWINS" roundNumber="3" tableNumber="9" whitePlayer="BOUDAILLIEZPIERRE"/>
<Game blackPlayer="CARBONNELROLAND" handicap="1" knownColor="true" result="RESULT_WHITEWINS" roundNumber="3" tableNumber="10" whitePlayer="COLSYLVAIN"/>
<Game blackPlayer="BETOREDDIDIER" handicap="0" knownColor="true" result="RESULT_WHITEWINS" roundNumber="3" tableNumber="11" whitePlayer="LE_LIDECGAËL"/>
<Game blackPlayer="RACHEZCHRISTOPHE" handicap="0" knownColor="true" result="RESULT_WHITEWINS" roundNumber="3" tableNumber="12" whitePlayer="COPPEYPHILIPPE"/>
<Game blackPlayer="STARONFRANCK" handicap="0" knownColor="true" result="RESULT_BLACKWINS" roundNumber="3" tableNumber="13" whitePlayer="HINFRAYVINCENT"/>
<Game blackPlayer="MARECHALMORGANE" handicap="0" knownColor="true" result="RESULT_WHITEWINS" roundNumber="3" tableNumber="14" whitePlayer="DUPUYJÉRÔME"/>
<Game blackPlayer="QUENELJOACKIM" handicap="1" knownColor="true" result="RESULT_BLACKWINS" roundNumber="3" tableNumber="15" whitePlayer="COPPEALEXANDRE"/>
<Game blackPlayer="VACAJEAN-FRANÇOIS" handicap="0" knownColor="true" result="RESULT_WHITEWINS" roundNumber="3" tableNumber="16" whitePlayer="MARCAGGIPAÏKAN"/>
<Game blackPlayer="LECLERCQPHILIPPE" handicap="0" knownColor="true" result="RESULT_WHITEWINS" roundNumber="3" tableNumber="17" whitePlayer="WILLENBÜCKERANTOINE"/>
<Game blackPlayer="COPPÉLILOU-FLEUR" handicap="1" knownColor="true" result="RESULT_WHITEWINS" roundNumber="3" tableNumber="18" whitePlayer="OZEROVANTOINE"/>
<Game blackPlayer="HASELHUHNRALF" handicap="2" knownColor="true" result="RESULT_WHITEWINS" roundNumber="3" tableNumber="19" whitePlayer="BONGIOVANNIALEXANDRE"/>
<Game blackPlayer="ROTURIERBENOÎT" handicap="0" knownColor="true" result="RESULT_BLACKWINS" roundNumber="2" tableNumber="1" whitePlayer="MALTEREJULIEN"/>
<Game blackPlayer="LIPSFABIEN" handicap="0" knownColor="true" result="RESULT_BLACKWINS" roundNumber="2" tableNumber="2" whitePlayer="BOURHISFRANÇOIS"/>
<Game blackPlayer="PASSOWADRIAN" handicap="0" knownColor="true" result="RESULT_BLACKWINS" roundNumber="2" tableNumber="3" whitePlayer="NEDELLECDAVID"/>
<Game blackPlayer="MANGINELIAN" handicap="0" knownColor="true" result="RESULT_BLACKWINS" roundNumber="2" tableNumber="4" whitePlayer="TEISSIERSAMUEL"/>
<Game blackPlayer="BEDUNEAUBOB" handicap="0" knownColor="true" result="RESULT_BLACKWINS" roundNumber="2" tableNumber="5" whitePlayer="LUDLADRIAAN-ALEXANDER"/>
<Game blackPlayer="DAMAZDANI" handicap="0" knownColor="true" result="RESULT_WHITEWINS" roundNumber="2" tableNumber="6" whitePlayer="COPPEBERNARD"/>
<Game blackPlayer="CORNAGGIARÉMI" handicap="0" knownColor="true" result="RESULT_WHITEWINS" roundNumber="2" tableNumber="7" whitePlayer="THAOSTÉPHANE"/>
<Game blackPlayer="POULETFRANÇOIS" handicap="0" knownColor="true" result="RESULT_BLACKWINS" roundNumber="2" tableNumber="8" whitePlayer="HUEBERJEAN-PHILIPPE"/>
<Game blackPlayer="COLSYLVAIN" handicap="0" knownColor="true" result="RESULT_WHITEWINS" roundNumber="2" tableNumber="9" whitePlayer="BROCHETPHILIPPE"/>
<Game blackPlayer="VIGNEQUENTIN" handicap="0" knownColor="true" result="RESULT_WHITEWINS" roundNumber="2" tableNumber="10" whitePlayer="EDENTIMOTHY"/>
<Game blackPlayer="BOUDAILLIEZPIERRE" handicap="0" knownColor="true" result="RESULT_BLACKWINS" roundNumber="2" tableNumber="11" whitePlayer="LE_LIDECGAËL"/>
<Game blackPlayer="COPPEYPHILIPPE" handicap="0" knownColor="true" result="RESULT_WHITEWINS" roundNumber="2" tableNumber="12" whitePlayer="BETOREDDIDIER"/>
<Game blackPlayer="HINFRAYVINCENT" handicap="0" knownColor="true" result="RESULT_BLACKWINS" roundNumber="2" tableNumber="13" whitePlayer="RACHEZCHRISTOPHE"/>
<Game blackPlayer="STARONFRANCK" handicap="0" knownColor="true" result="RESULT_WHITEWINS" roundNumber="2" tableNumber="14" whitePlayer="MARECHALMORGANE"/>
<Game blackPlayer="QUENELJOACKIM" handicap="1" knownColor="true" result="RESULT_WHITEWINS" roundNumber="2" tableNumber="15" whitePlayer="DUPUYJÉRÔME"/>
<Game blackPlayer="MARCAGGIPAÏKAN" handicap="1" knownColor="true" result="RESULT_WHITEWINS" roundNumber="2" tableNumber="16" whitePlayer="COPPEALEXANDRE"/>
<Game blackPlayer="OZEROVANTOINE" handicap="1" knownColor="true" result="RESULT_WHITEWINS" roundNumber="2" tableNumber="17" whitePlayer="VACAJEAN-FRANÇOIS"/>
<Game blackPlayer="BONGIOVANNIALEXANDRE" handicap="1" knownColor="true" result="RESULT_BLACKWINS" roundNumber="2" tableNumber="18" whitePlayer="WILLENBÜCKERANTOINE"/>
<Game blackPlayer="COPPÉLILOU-FLEUR" handicap="0" knownColor="true" result="RESULT_BLACKWINS" roundNumber="2" tableNumber="19" whitePlayer="HASELHUHNRALF"/>
</Games>
<TournamentParameterSet>
<GeneralParameterSet basicTime="60" beginDate="2019-09-14" canByoYomiTime="300" complementaryTimeSystem="CANBYOYOMI" director="Simon Billouet" endDate="2019-09-15" fischerTime="10" genCountNotPlayedGamesAsHalfPoint="false" genMMBar="1D" genMMFloor="20K" genMMS2ValueAbsent="1" genMMS2ValueBye="2" genMMZero="30K" genNBW2ValueAbsent="0" genNBW2ValueBye="2" genRoundDownNBWMMS="true" komi="7.5" location="Marseille" name="Frioul 2019" nbMovesCanTime="15" numberOfCategories="1" numberOfRounds="4" shortName="frioul-2019" size="19" stdByoYomiTime="30"/>
<HandicapParameterSet hdBasedOnMMS="true" hdCeiling="9" hdCorrection="1" hdNoHdRankThreshold="1D"/>
<PlacementParameterSet>
<PlacementCriteria>
<PlacementCriterion name="MMS" number="1"/>
<PlacementCriterion name="SOSM" number="2"/>
<PlacementCriterion name="SOSOSM" number="3"/>
<PlacementCriterion name="NULL" number="4"/>
<PlacementCriterion name="NULL" number="5"/>
<PlacementCriterion name="NULL" number="6"/>
</PlacementCriteria>
</PlacementParameterSet>
<PairingParameterSet paiBaAvoidDuplGame="500000000000000" paiBaBalanceWB="1000000" paiBaDeterministic="true" paiBaRandom="0" paiMaAdditionalPlacementCritSystem1="Rating" paiMaAdditionalPlacementCritSystem2="NULL" paiMaAvoidMixingCategories="0" paiMaCompensateDUDD="true" paiMaDUDDLowerMode="MID" paiMaDUDDUpperMode="MID" paiMaDUDDWeight="100000000" paiMaLastRoundForSeedSystem1="2" paiMaMaximizeSeeding="5000000" paiMaMinimizeScoreDifference="100000000000" paiMaSeedSystem1="SPLITANDRANDOM" paiMaSeedSystem2="SPLITANDSLIP" paiSeAvoidSameGeo="100000000000" paiSeBarThresholdActive="true" paiSeDefSecCrit="100000000000" paiSeMinimizeHandicap="0" paiSeNbWinsThresholdActive="false" paiSePreferMMSDiffRatherThanSameClub="3" paiSePreferMMSDiffRatherThanSameClubsGroup="2" paiSePreferMMSDiffRatherThanSameCountry="1" paiSeRankThreshold="1D" paiStandardNX1Factor="0.5"/>
<DPParameterSet displayClCol="true" displayCoCol="true" displayIndGamesInMatches="true" displayNPPlayers="false" displayNumCol="true" displayPlCol="true" gameFormat="full" playerSortType="name" showByePlayer="true" showNotFinallyRegisteredPlayers="true" showNotPairedPlayers="true" showNotParticipatingPlayers="false" showPlayerClub="true" showPlayerCountry="false" showPlayerGrade="true"/>
<PublishParameterSet exportToLocalFile="true" htmlAutoScroll="false" print="true"/>
</TournamentParameterSet>
<TeamTournamentParameterSet>
<TeamGeneralParameterSet teamSize="4"/>
<TeamPlacementParameterSet>
<PlacementCriteria>
<PlacementCriterion name="TEAMP" number="1"/>
<PlacementCriterion name="BDW" number="2"/>
<PlacementCriterion name="BDW3U" number="3"/>
<PlacementCriterion name="BDW2U" number="4"/>
<PlacementCriterion name="BDW1U" number="5"/>
<PlacementCriterion name="MNR" number="6"/>
</PlacementCriteria>
</TeamPlacementParameterSet>
</TeamTournamentParameterSet>
</Tournament>
