<?xml version="1.0" encoding="UTF-8" standalone="no"?>
<Tournament dataVersion="201" externalIPAddress="77.128.107.78" gothaMinorVersion="5" gothaVersion="348" saveDT="20191118140514">
<Players>
<Player agaExpirationDate="" agaId="" club="Ist" country="TR" egfPin="18586293" ffgLicence="" ffgLicenceStatus="" firstName="Banu" grade="10K" name="Kibar" participating="11111111111111111111" rank="10K" rating="1032" ratingOrigin="EGF : 1032" registeringStatus="FIN" smmsCorrection="0"/>
<Player agaExpirationDate="" agaId="" club="Ist" country="TR" egfPin="15413827" ffgLicence="" ffgLicenceStatus="" firstName="Kemal" grade=" 2K" name="Gulbudak" participating="11111111111111111111" rank="1D" rating="1967" ratingOrigin="EGF : 1967" registeringStatus="FIN" smmsCorrection="0"/>
<Player agaExpirationDate="" agaId="" club="Ist" country="TR" egfPin="13701534" ffgLicence="" ffgLicenceStatus="" firstName="Barkin" grade=" 1D" name="Celebican" participating="11111111111111111111" rank="1D" rating="2067" ratingOrigin="EGF : 2067" registeringStatus="FIN" smmsCorrection="0"/>
<Player agaExpirationDate="" agaId="" club="Ist" country="TR" egfPin="18786845" ffgLicence="" ffgLicenceStatus="" firstName="Tolga_Emre" grade=" 3K" name="Basargan" participating="11000000000000000000" rank="3K" rating="1682" ratingOrigin="EGF : 1682" registeringStatus="FIN" smmsCorrection="0"/>
<Player agaExpirationDate="" agaId="" club="Mus" country="TR" egfPin="17637367" ffgLicence="" ffgLicenceStatus="" firstName="Servet" grade=" 2K" name="Dasdemir" participating="11111111111111111111" rank="2K" rating="1901" ratingOrigin="EGF : 1901" registeringStatus="FIN" smmsCorrection="0"/>
<Player agaExpirationDate="" agaId="" club="Ist" country="TR" egfPin="19086628" ffgLicence="" ffgLicenceStatus="" firstName="Naz" grade="19K" name="Yazici" participating="11100000000000000000" rank="19K" rating="157" ratingOrigin="EGF : 157" registeringStatus="FIN" smmsCorrection="0"/>
<Player agaExpirationDate="" agaId="" club="Ist" country="TR" egfPin="16249497" ffgLicence="" ffgLicenceStatus="" firstName="Nalan" grade="12K" name="Kayacan" participating="11111111111111111111" rank="10K" rating="995" ratingOrigin="EGF : 995" registeringStatus="FIN" smmsCorrection="0"/>
<Player agaExpirationDate="" agaId="" club="Ist" country="TR" egfPin="19413042" ffgLicence="" ffgLicenceStatus="" firstName="Ahmet" grade=" 3K" name="Balcioglu" participating="11111111111111111111" rank="1D" rating="1821" ratingOrigin="EGF : 1821" registeringStatus="FIN" smmsCorrection="0"/>
<Player agaExpirationDate="" agaId="" club="Ist" country="TR" egfPin="19001037" ffgLicence="" ffgLicenceStatus="" firstName="Remzi" grade="10K" name="Oz" participating="11111111111111111111" rank="10K" rating="1081" ratingOrigin="EGF : 1081" registeringStatus="FIN" smmsCorrection="0"/>
<Player agaExpirationDate="" agaId="" club="Ist" country="TR" egfPin="15825975" ffgLicence="" ffgLicenceStatus="" firstName="Aytac" grade=" 7K" name="Sutcu" participating="11111111111111111111" rank="7K" rating="1358" ratingOrigin="EGF : 1358" registeringStatus="FIN" smmsCorrection="0"/>
<Player agaExpirationDate="" agaId="" club="Ist" country="TR" egfPin="19398896" ffgLicence="" ffgLicenceStatus="" firstName="Cansu" grade="19K" name="Yilmaz" participating="11011111111111111111" rank="19K" rating="207" ratingOrigin="EGF : 207" registeringStatus="FIN" smmsCorrection="0"/>
<Player agaExpirationDate="" agaId="" club="Ist" country="TR" egfPin="18674106" ffgLicence="" ffgLicenceStatus="" firstName="Fettah" grade=" 6K" name="Yalicli" participating="11111111111111111111" rank="6K" rating="1460" ratingOrigin="EGF : 1460" registeringStatus="FIN" smmsCorrection="0"/>
</Players>
<Games>
<Game blackPlayer="CELEBICANBARKIN" handicap="0" knownColor="true" result="RESULT_BLACKWINS" roundNumber="1" tableNumber="1" whitePlayer="BALCIOGLUAHMET"/>
<Game blackPlayer="BASARGANTOLGA_EMRE" handicap="1" knownColor="true" result="RESULT_WHITEWINS" roundNumber="1" tableNumber="2" whitePlayer="DASDEMIRSERVET"/>
<Game blackPlayer="KIBARBANU" handicap="4" knownColor="true" result="RESULT_BLACKWINS" roundNumber="1" tableNumber="3" whitePlayer="YALICLIFETTAH"/>
<Game blackPlayer="OZREMZI" handicap="0" knownColor="true" result="RESULT_WHITEWINS" roundNumber="1" tableNumber="4" whitePlayer="KAYACANNALAN"/>
<Game blackPlayer="YILMAZCANSU" handicap="0" knownColor="true" result="RESULT_WHITEWINS" roundNumber="1" tableNumber="5" whitePlayer="YAZICINAZ"/>
<Game blackPlayer="SUTCUAYTAC" handicap="7" knownColor="true" result="RESULT_WHITEWINS" roundNumber="1" tableNumber="6" whitePlayer="GULBUDAKKEMAL"/>
<Game blackPlayer="GULBUDAKKEMAL" handicap="0" knownColor="true" result="RESULT_BLACKWINS" roundNumber="2" tableNumber="1" whitePlayer="CELEBICANBARKIN"/>
<Game blackPlayer="YAZICINAZ" handicap="9" knownColor="true" result="RESULT_WHITEWINS" roundNumber="2" tableNumber="2" whitePlayer="KIBARBANU"/>
<Game blackPlayer="DASDEMIRSERVET" handicap="2" knownColor="true" result="RESULT_WHITEWINS" roundNumber="2" tableNumber="3" whitePlayer="BALCIOGLUAHMET"/>
<Game blackPlayer="YALICLIFETTAH" handicap="3" knownColor="true" result="RESULT_BLACKWINS" roundNumber="2" tableNumber="4" whitePlayer="BASARGANTOLGA_EMRE"/>
<Game blackPlayer="KAYACANNALAN" handicap="3" knownColor="true" result="RESULT_WHITEWINS" roundNumber="2" tableNumber="5" whitePlayer="SUTCUAYTAC"/>
<Game blackPlayer="YILMAZCANSU" handicap="9" knownColor="true" result="RESULT_WHITEWINS" roundNumber="2" tableNumber="6" whitePlayer="OZREMZI"/>
<Game blackPlayer="KIBARBANU" handicap="9" knownColor="true" result="RESULT_WHITEWINS" roundNumber="3" tableNumber="1" whitePlayer="GULBUDAKKEMAL"/>
<Game blackPlayer="YALICLIFETTAH" handicap="6" knownColor="true" result="RESULT_WHITEWINS" roundNumber="3" tableNumber="2" whitePlayer="BALCIOGLUAHMET"/>
<Game blackPlayer="DASDEMIRSERVET" handicap="2" knownColor="true" result="RESULT_WHITEWINS" roundNumber="3" tableNumber="3" whitePlayer="CELEBICANBARKIN"/>
<Game blackPlayer="YAZICINAZ" handicap="9" knownColor="true" result="RESULT_WHITEWINS" roundNumber="3" tableNumber="4" whitePlayer="KAYACANNALAN"/>
<Game blackPlayer="OZREMZI" handicap="3" knownColor="true" result="RESULT_WHITEWINS" roundNumber="3" tableNumber="5" whitePlayer="SUTCUAYTAC"/>
</Games>
<TournamentParameterSet>
<GeneralParameterSet basicTime="30" beginDate="2019-11-17" canByoYomiTime="300" complementaryTimeSystem="STDBYOYOMI" director="Barkin Celebican" endDate="2019-11-17" fischerTime="10" genCountNotPlayedGamesAsHalfPoint="false" genMMBar="9D" genMMFloor="30K" genMMS2ValueAbsent="1" genMMS2ValueBye="2" genMMZero="30K" genNBW2ValueAbsent="0" genNBW2ValueBye="2" genRoundDownNBWMMS="true" komi="6.5" location="TR, Ist" name="Istanbul City Tournament 2019/11b" nbMovesCanTime="15" numberOfCategories="1" numberOfRounds="3" shortName="ict_11b" size="19" stdByoYomiTime="20"/>
<HandicapParameterSet hdBasedOnMMS="false" hdCeiling="9" hdCorrection="0" hdNoHdRankThreshold="9D"/>
<PlacementParameterSet>
<PlacementCriteria>
<PlacementCriterion name="CAT" number="1"/>
<PlacementCriterion name="NBW" number="2"/>
<PlacementCriterion name="NULL" number="3"/>
<PlacementCriterion name="NULL" number="4"/>
<PlacementCriterion name="NULL" number="5"/>
<PlacementCriterion name="NULL" number="6"/>
</PlacementCriteria>
</PlacementParameterSet>
<PairingParameterSet paiBaAvoidDuplGame="500000000000000" paiBaBalanceWB="1000000" paiBaDeterministic="true" paiBaRandom="0" paiMaAdditionalPlacementCritSystem1="Rating" paiMaAdditionalPlacementCritSystem2="NULL" paiMaAvoidMixingCategories="20000000000000" paiMaCompensateDUDD="true" paiMaDUDDLowerMode="TOP" paiMaDUDDUpperMode="BOT" paiMaDUDDWeight="100000000" paiMaLastRoundForSeedSystem1="2" paiMaMaximizeSeeding="5000000" paiMaMinimizeScoreDifference="100000000000" paiMaSeedSystem1="SPLITANDSLIP" paiMaSeedSystem2="SPLITANDSLIP" paiSeAvoidSameGeo="20000000000000" paiSeBarThresholdActive="true" paiSeDefSecCrit="20000000000000" paiSeMinimizeHandicap="20000000000000" paiSeNbWinsThresholdActive="true" paiSePreferMMSDiffRatherThanSameClub="0" paiSePreferMMSDiffRatherThanSameClubsGroup="0" paiSePreferMMSDiffRatherThanSameCountry="0" paiSeRankThreshold="1D" paiStandardNX1Factor="0.5"/>
<DPParameterSet displayClCol="true" displayCoCol="true" displayIndGamesInMatches="true" displayNPPlayers="false" displayNumCol="true" displayPlCol="true" gameFormat="full" playerSortType="name" showByePlayer="true" showNotFinallyRegisteredPlayers="true" showNotPairedPlayers="true" showNotParticipatingPlayers="false" showPlayerClub="true" showPlayerCountry="false" showPlayerGrade="true"/>
<PublishParameterSet exportToLocalFile="true" htmlAutoScroll="false" print="true"/>
</TournamentParameterSet>
<TeamTournamentParameterSet>
<TeamGeneralParameterSet teamSize="4"/>
<TeamPlacementParameterSet>
<PlacementCriteria>
<PlacementCriterion name="TEAMP" number="1"/>
<PlacementCriterion name="BDW" number="2"/>
<PlacementCriterion name="BDW3U" number="3"/>
<PlacementCriterion name="BDW2U" number="4"/>
<PlacementCriterion name="BDW1U" number="5"/>
<PlacementCriterion name="MNR" number="6"/>
</PlacementCriteria>
</TeamPlacementParameterSet>
</TeamTournamentParameterSet>
</Tournament>
