<?xml version="1.0" encoding="UTF-8" standalone="no"?>
<Tournament dataVersion="201" externalIPAddress="77.128.107.78" fullVersionNumber="3.49.05" runningMode="SAL" saveDT="20200916152031">
<Players>
<Player agaExpirationDate="" agaId="" club="" country="" egfPin="" ffgLicence="" ffgLicenceStatus="" firstName="Jesús" grade="7K" name="Sánchez" participating="11111111111111111111" rank="7K" rating="1400" ratingOrigin="INI" registeringStatus="FIN" smmsCorrection="0"/>
<Player agaExpirationDate="" agaId="" club="" country="" egfPin="" ffgLicence="" ffgLicenceStatus="" firstName="Irwin" grade="3K" name="Hernandez" participating="11111111111111111111" rank="3K" rating="1800" ratingOrigin="INI" registeringStatus="FIN" smmsCorrection="0"/>
<Player agaExpirationDate="" agaId="" club="" country="" egfPin="" ffgLicence="" ffgLicenceStatus="" firstName="Loli" grade="8K" name="Puerta" participating="11111111111111111111" rank="8K" rating="1300" ratingOrigin="INI" registeringStatus="FIN" smmsCorrection="0"/>
<Player agaExpirationDate="" agaId="" club="" country="" egfPin="" ffgLicence="" ffgLicenceStatus="" firstName="Keinny" grade="1K" name="Cristobal" participating="11111111111111111111" rank="1K" rating="2000" ratingOrigin="INI" registeringStatus="FIN" smmsCorrection="0"/>
<Player agaExpirationDate="" agaId="" club="" country="" egfPin="" ffgLicence="" ffgLicenceStatus="" firstName="Stefano" grade="10K" name="Galbin" participating="11111111111111111111" rank="10K" rating="1100" ratingOrigin="INI" registeringStatus="FIN" smmsCorrection="0"/>
<Player agaExpirationDate="" agaId="" club="" country="" egfPin="" ffgLicence="" ffgLicenceStatus="" firstName="Gerardo" grade="7K" name="Useche" participating="11111111111111111111" rank="7K" rating="1400" ratingOrigin="INI" registeringStatus="FIN" smmsCorrection="0"/>
<Player agaExpirationDate="" agaId="" club="" country="" egfPin="" ffgLicence="" ffgLicenceStatus="" firstName="Yerdervy" grade="11K" name="Palomino" participating="11111111111111111111" rank="11K" rating="1000" ratingOrigin="INI" registeringStatus="FIN" smmsCorrection="0"/>
<Player agaExpirationDate="" agaId="" club="" country="" egfPin="" ffgLicence="" ffgLicenceStatus="" firstName="Ramón" grade="4K" name="Nuñez" participating="11111111111111111111" rank="4K" rating="1700" ratingOrigin="INI" registeringStatus="FIN" smmsCorrection="0"/>
<Player agaExpirationDate="" agaId="" club="" country="" egfPin="" ffgLicence="" ffgLicenceStatus="" firstName="Jesús" grade="12K" name="Gomez" participating="11111111111111111111" rank="12K" rating="900" ratingOrigin="INI" registeringStatus="FIN" smmsCorrection="0"/>
<Player agaExpirationDate="" agaId="" club="" country="" egfPin="" ffgLicence="" ffgLicenceStatus="" firstName="Angel" grade="5K" name="Gutierrez" participating="11111111111111111111" rank="5K" rating="1800" ratingOrigin="INI" registeringStatus="FIN" smmsCorrection="0"/>
<Player agaExpirationDate="" agaId="" club="" country="" egfPin="" ffgLicence="" ffgLicenceStatus="" firstName="Abel" grade="8K" name="Perez Rico" participating="11111111111111111111" rank="8K" rating="1300" ratingOrigin="INI" registeringStatus="FIN" smmsCorrection="0"/>
<Player agaExpirationDate="" agaId="" club="" country="" egfPin="" ffgLicence="" ffgLicenceStatus="" firstName="Abel" grade="5K" name="Perez Wilke" participating="11111111111111111111" rank="5K" rating="1800" ratingOrigin="MAN" registeringStatus="FIN" smmsCorrection="0"/>
</Players>
<Games>
<Game blackPlayer="CRISTOBALKEINNY" handicap="0" knownColor="true" result="RESULT_WHITEWINS" roundNumber="1" tableNumber="1" whitePlayer="USECHEGERARDO"/>
<Game blackPlayer="HERNANDEZIRWIN" handicap="0" knownColor="true" result="RESULT_WHITEWINS" roundNumber="1" tableNumber="2" whitePlayer="PUERTALOLI"/>
<Game blackPlayer="PALOMINOYERDERVY" handicap="0" knownColor="true" result="RESULT_BLACKWINS" roundNumber="1" tableNumber="3" whitePlayer="NUÑEZRAMÓN"/>
<Game blackPlayer="PEREZRICOABEL" handicap="0" knownColor="true" result="RESULT_BLACKWINS" roundNumber="1" tableNumber="4" whitePlayer="GUTIERREZANGEL"/>
<Game blackPlayer="PEREZWILKEABEL" handicap="0" knownColor="true" result="RESULT_BLACKWINS" roundNumber="1" tableNumber="5" whitePlayer="GALBINSTEFANO"/>
<Game blackPlayer="SÁNCHEZJESÚS" handicap="0" knownColor="true" result="RESULT_BLACKWINS" roundNumber="1" tableNumber="6" whitePlayer="GOMEZJESÚS"/>
<Game blackPlayer="PEREZRICOABEL" handicap="0" knownColor="true" result="RESULT_WHITEWINS" roundNumber="6" tableNumber="1" whitePlayer="PALOMINOYERDERVY"/>
<Game blackPlayer="GUTIERREZANGEL" handicap="0" knownColor="true" result="RESULT_WHITEWINS" roundNumber="6" tableNumber="2" whitePlayer="PUERTALOLI"/>
<Game blackPlayer="CRISTOBALKEINNY" handicap="0" knownColor="true" result="RESULT_WHITEWINS" roundNumber="6" tableNumber="3" whitePlayer="PEREZWILKEABEL"/>
<Game blackPlayer="NUÑEZRAMÓN" handicap="0" knownColor="true" result="RESULT_BLACKWINS" roundNumber="6" tableNumber="4" whitePlayer="SÁNCHEZJESÚS"/>
<Game blackPlayer="USECHEGERARDO" handicap="0" knownColor="true" result="RESULT_WHITEWINS" roundNumber="6" tableNumber="5" whitePlayer="GOMEZJESÚS"/>
<Game blackPlayer="GALBINSTEFANO" handicap="0" knownColor="true" result="RESULT_BLACKWINS" roundNumber="6" tableNumber="6" whitePlayer="HERNANDEZIRWIN"/>
<Game blackPlayer="PUERTALOLI" handicap="0" knownColor="true" result="RESULT_BLACKWINS" roundNumber="3" tableNumber="1" whitePlayer="PEREZWILKEABEL"/>
<Game blackPlayer="PALOMINOYERDERVY" handicap="0" knownColor="true" result="RESULT_BLACKWINS" roundNumber="3" tableNumber="2" whitePlayer="SÁNCHEZJESÚS"/>
<Game blackPlayer="USECHEGERARDO" handicap="0" knownColor="true" result="RESULT_WHITEWINS" roundNumber="3" tableNumber="3" whitePlayer="PEREZRICOABEL"/>
<Game blackPlayer="GUTIERREZANGEL" handicap="0" knownColor="true" result="RESULT_BLACKWINS" roundNumber="3" tableNumber="4" whitePlayer="NUÑEZRAMÓN"/>
<Game blackPlayer="CRISTOBALKEINNY" handicap="0" knownColor="true" result="RESULT_BLACKWINS" roundNumber="3" tableNumber="5" whitePlayer="HERNANDEZIRWIN"/>
<Game blackPlayer="GOMEZJESÚS" handicap="0" knownColor="true" result="RESULT_BLACKWINS" roundNumber="3" tableNumber="6" whitePlayer="GALBINSTEFANO"/>
<Game blackPlayer="PEREZRICOABEL" handicap="0" knownColor="true" result="RESULT_WHITEWINS" roundNumber="5" tableNumber="1" whitePlayer="PUERTALOLI"/>
<Game blackPlayer="PEREZWILKEABEL" handicap="0" knownColor="true" result="RESULT_WHITEWINS" roundNumber="5" tableNumber="2" whitePlayer="PALOMINOYERDERVY"/>
<Game blackPlayer="GUTIERREZANGEL" handicap="0" knownColor="true" result="RESULT_BLACKWINS" roundNumber="5" tableNumber="3" whitePlayer="USECHEGERARDO"/>
<Game blackPlayer="GOMEZJESÚS" handicap="0" knownColor="true" result="RESULT_WHITEWINS" roundNumber="5" tableNumber="4" whitePlayer="CRISTOBALKEINNY"/>
<Game blackPlayer="HERNANDEZIRWIN" handicap="0" knownColor="true" result="RESULT_WHITEWINS" roundNumber="5" tableNumber="5" whitePlayer="NUÑEZRAMÓN"/>
<Game blackPlayer="GALBINSTEFANO" handicap="0" knownColor="true" result="RESULT_WHITEWINS" roundNumber="5" tableNumber="6" whitePlayer="SÁNCHEZJESÚS"/>
<Game blackPlayer="USECHEGERARDO" handicap="0" knownColor="true" result="RESULT_WHITEWINS" roundNumber="2" tableNumber="1" whitePlayer="PALOMINOYERDERVY"/>
<Game blackPlayer="PEREZRICOABEL" handicap="0" knownColor="true" result="RESULT_WHITEWINS" roundNumber="2" tableNumber="2" whitePlayer="PEREZWILKEABEL"/>
<Game blackPlayer="PUERTALOLI" handicap="0" knownColor="true" result="RESULT_BLACKWINS" roundNumber="2" tableNumber="3" whitePlayer="SÁNCHEZJESÚS"/>
<Game blackPlayer="NUÑEZRAMÓN" handicap="0" knownColor="true" result="RESULT_BLACKWINS" roundNumber="2" tableNumber="4" whitePlayer="CRISTOBALKEINNY"/>
<Game blackPlayer="GALBINSTEFANO" handicap="0" knownColor="true" result="RESULT_WHITEWINS" roundNumber="2" tableNumber="5" whitePlayer="GUTIERREZANGEL"/>
<Game blackPlayer="GOMEZJESÚS" handicap="0" knownColor="true" result="RESULT_WHITEWINS" roundNumber="2" tableNumber="6" whitePlayer="HERNANDEZIRWIN"/>
<Game blackPlayer="GUTIERREZANGEL" handicap="0" knownColor="true" result="RESULT_BLACKWINS" roundNumber="7" tableNumber="1" whitePlayer="PALOMINOYERDERVY"/>
<Game blackPlayer="PEREZWILKEABEL" handicap="0" knownColor="true" result="RESULT_BLACKWINS" roundNumber="7" tableNumber="2" whitePlayer="NUÑEZRAMÓN"/>
<Game blackPlayer="CRISTOBALKEINNY" handicap="0" knownColor="true" result="RESULT_WHITEWINS" roundNumber="7" tableNumber="3" whitePlayer="PEREZRICOABEL"/>
<Game blackPlayer="PUERTALOLI" handicap="0" knownColor="true" result="RESULT_BLACKWINS" roundNumber="7" tableNumber="4" whitePlayer="GOMEZJESÚS"/>
<Game blackPlayer="SÁNCHEZJESÚS" handicap="0" knownColor="true" result="RESULT_BLACKWINS" roundNumber="7" tableNumber="5" whitePlayer="HERNANDEZIRWIN"/>
<Game blackPlayer="USECHEGERARDO" handicap="0" knownColor="true" result="RESULT_WHITEWINS" roundNumber="7" tableNumber="6" whitePlayer="GALBINSTEFANO"/>
<Game blackPlayer="PALOMINOYERDERVY" handicap="0" knownColor="true" result="RESULT_BLACKWINS" roundNumber="4" tableNumber="1" whitePlayer="PUERTALOLI"/>
<Game blackPlayer="PEREZWILKEABEL" handicap="0" knownColor="true" result="RESULT_BLACKWINS" roundNumber="4" tableNumber="2" whitePlayer="GUTIERREZANGEL"/>
<Game blackPlayer="SÁNCHEZJESÚS" handicap="0" knownColor="true" result="RESULT_WHITEWINS" roundNumber="4" tableNumber="3" whitePlayer="USECHEGERARDO"/>
<Game blackPlayer="HERNANDEZIRWIN" handicap="0" knownColor="true" result="RESULT_WHITEWINS" roundNumber="4" tableNumber="4" whitePlayer="PEREZRICOABEL"/>
<Game blackPlayer="NUÑEZRAMÓN" handicap="0" knownColor="true" result="RESULT_WHITEWINS" roundNumber="4" tableNumber="5" whitePlayer="GOMEZJESÚS"/>
<Game blackPlayer="GALBINSTEFANO" handicap="0" knownColor="true" result="RESULT_WHITEWINS" roundNumber="4" tableNumber="6" whitePlayer="CRISTOBALKEINNY"/>
</Games>
<TournamentParameterSet>
<GeneralParameterSet bInternet="false" basicTime="60" beginDate="2020-10-16" canByoYomiTime="300" complementaryTimeSystem="STDBYOYOMI" director="Abel Pérez" endDate="2020-12-16" fischerTime="10" genCountNotPlayedGamesAsHalfPoint="false" genMMBar="9D" genMMFloor="30K" genMMS2ValueAbsent="1" genMMS2ValueBye="2" genMMZero="30K" genNBW2ValueAbsent="0" genNBW2ValueBye="2" genRoundDownNBWMMS="true" komi="7.5" location="Venezuela" name="AVG 11 prueba" nbMovesCanTime="15" numberOfCategories="1" numberOfRounds="7" shortName="AVG 11 prueba" size="19" stdByoYomiTime="30"/>
<HandicapParameterSet hdBasedOnMMS="false" hdCeiling="0" hdCorrection="0" hdNoHdRankThreshold="30K"/>
<PlacementParameterSet>
<PlacementCriteria>
<PlacementCriterion name="NBW" number="1"/>
<PlacementCriterion name="SOSW" number="2"/>
<PlacementCriterion name="SOSOSW" number="3"/>
<PlacementCriterion name="NULL" number="4"/>
<PlacementCriterion name="NULL" number="5"/>
<PlacementCriterion name="NULL" number="6"/>
</PlacementCriteria>
</PlacementParameterSet>
<PairingParameterSet paiBaAvoidDuplGame="500000000000000" paiBaBalanceWB="1000000" paiBaDeterministic="false" paiBaRandom="0" paiMaAdditionalPlacementCritSystem1="Rating" paiMaAdditionalPlacementCritSystem2="Rating" paiMaAvoidMixingCategories="0" paiMaCompensateDUDD="true" paiMaDUDDLowerMode="MID" paiMaDUDDUpperMode="MID" paiMaDUDDWeight="100000000" paiMaLastRoundForSeedSystem1="2" paiMaMaximizeSeeding="5000000" paiMaMinimizeScoreDifference="100000000000" paiMaSeedSystem1="SPLITANDSLIP" paiMaSeedSystem2="SPLITANDSLIP" paiSeAvoidSameGeo="0" paiSeBarThresholdActive="true" paiSeDefSecCrit="20000000000000" paiSeMinimizeHandicap="0" paiSeNbWinsThresholdActive="true" paiSePreferMMSDiffRatherThanSameClub="0" paiSePreferMMSDiffRatherThanSameCountry="0" paiSeRankThreshold="30K" paiStandardNX1Factor="0.5"/>
<DPParameterSet displayClCol="true" displayCoCol="true" displayIndGamesInMatches="true" displayNPPlayers="false" displayNumCol="true" displayPlCol="true" gameFormat="short" playerSortType="name" showByePlayer="true" showNotFinallyRegisteredPlayers="true" showNotPairedPlayers="true" showNotParticipatingPlayers="false" showPlayerClub="true" showPlayerCountry="false" showPlayerGrade="true"/>
<PublishParameterSet exportToLocalFile="true" htmlAutoScroll="false" print="true"/>
</TournamentParameterSet>
<TeamTournamentParameterSet>
<TeamGeneralParameterSet teamSize="4"/>
<TeamPlacementParameterSet>
<PlacementCriteria>
<PlacementCriterion name="TEAMP" number="1"/>
<PlacementCriterion name="BDW" number="2"/>
<PlacementCriterion name="BDW3U" number="3"/>
<PlacementCriterion name="BDW2U" number="4"/>
<PlacementCriterion name="BDW1U" number="5"/>
<PlacementCriterion name="MNR" number="6"/>
</PlacementCriteria>
</TeamPlacementParameterSet>
</TeamTournamentParameterSet>
</Tournament>
