<?xml version="1.0" encoding="UTF-8" standalone="no"?>
<Tournament dataVersion="201" externalIPAddress="77.128.107.78" fullVersionNumber="3.49.04" runningMode="SAL" saveDT="20200905183014">
<Players>
<Player agaExpirationDate="" agaId="" club="" country="" egfPin="" ffgLicence="" ffgLicenceStatus="" firstName="Steveyling" grade="1K" name="Steve Ling" participating="11111111111111111111" rank="1K" rating="2000" ratingOrigin="INI" registeringStatus="FIN" smmsCorrection="0"/>
<Player agaExpirationDate="" agaId="" club="" country="" egfPin="" ffgLicence="" ffgLicenceStatus="" firstName="Atlbrandon" grade="5D" name="Brandon Zhou" participating="11111111111111111111" rank="5D" rating="2500" ratingOrigin="INI" registeringStatus="FIN" smmsCorrection="0"/>
<Player agaExpirationDate="" agaId="" club="" country="" egfPin="" ffgLicence="" ffgLicenceStatus="" firstName="Chenhui" grade="6K" name="Chenhui Zhang" participating="11111111111111111111" rank="6K" rating="1500" ratingOrigin="INI" registeringStatus="FIN" smmsCorrection="0"/>
<Player agaExpirationDate="" agaId="" club="" country="" egfPin="" ffgLicence="" ffgLicenceStatus="" firstName="Monster123" grade="3K" name="Derek Zhou" participating="11111111111111111111" rank="3K" rating="1800" ratingOrigin="INI" registeringStatus="FIN" smmsCorrection="0"/>
<Player agaExpirationDate="" agaId="" club="" country="" egfPin="" ffgLicence="" ffgLicenceStatus="" firstName="Deathray" grade="6K" name="Jack Zhang" participating="11111111111111111111" rank="6K" rating="1500" ratingOrigin="INI" registeringStatus="FIN" smmsCorrection="0"/>
<Player agaExpirationDate="" agaId="" club="" country="" egfPin="" ffgLicence="" ffgLicenceStatus="" firstName="Bengong18" grade="5D" name="Ben Gong" participating="11111111111111111111" rank="5D" rating="2500" ratingOrigin="INI" registeringStatus="FIN" smmsCorrection="0"/>
<Player agaExpirationDate="" agaId="" club="" country="" egfPin="" ffgLicence="" ffgLicenceStatus="" firstName="Pchien" grade="4K" name="Philip Chien" participating="11111111111111111111" rank="4K" rating="1700" ratingOrigin="INI" registeringStatus="FIN" smmsCorrection="0"/>
<Player agaExpirationDate="" agaId="" club="" country="" egfPin="" ffgLicence="" ffgLicenceStatus="" firstName="Asbayen" grade="25K" name="Abraham Remillard" participating="11111111111111111111" rank="25K" rating="-400" ratingOrigin="INI" registeringStatus="FIN" smmsCorrection="0"/>
<Player agaExpirationDate="" agaId="" club="" country="" egfPin="" ffgLicence="" ffgLicenceStatus="" firstName="Amei" grade="21K" name="Anderson Mei" participating="11111111111111111111" rank="21K" rating="0" ratingOrigin="INI" registeringStatus="FIN" smmsCorrection="0"/>
<Player agaExpirationDate="" agaId="" club="" country="" egfPin="" ffgLicence="" ffgLicenceStatus="" firstName="Jy0034" grade="4K" name="Jason Yang" participating="11111111111111111111" rank="4K" rating="1700" ratingOrigin="INI" registeringStatus="FIN" smmsCorrection="0"/>
<Player agaExpirationDate="" agaId="" club="" country="" egfPin="" ffgLicence="" ffgLicenceStatus="" firstName="Kxie2015" grade="3D" name="Katherine Xie" participating="11111111111111111111" rank="3D" rating="2300" ratingOrigin="INI" registeringStatus="FIN" smmsCorrection="0"/>
<Player agaExpirationDate="" agaId="" club="" country="" egfPin="" ffgLicence="" ffgLicenceStatus="" firstName="Angelzhao" grade="2K" name="Angelina Zhao" participating="11111111111111111111" rank="2K" rating="1900" ratingOrigin="INI" registeringStatus="FIN" smmsCorrection="0"/>
<Player agaExpirationDate="" agaId="" club="" country="" egfPin="" ffgLicence="" ffgLicenceStatus="" firstName="Matthew06" grade="18K" name="Matthew Yang" participating="11111111111111111111" rank="18K" rating="300" ratingOrigin="INI" registeringStatus="FIN" smmsCorrection="0"/>
<Player agaExpirationDate="" agaId="" club="" country="" egfPin="" ffgLicence="" ffgLicenceStatus="" firstName="Xltra76" grade="9K" name="Nathan Han" participating="11111111111111111111" rank="9K" rating="1200" ratingOrigin="INI" registeringStatus="FIN" smmsCorrection="0"/>
<Player agaExpirationDate="" agaId="" club="" country="" egfPin="" ffgLicence="" ffgLicenceStatus="" firstName="Amyling" grade="5K" name="Amy Ling" participating="11111111111111111111" rank="5K" rating="1600" ratingOrigin="INI" registeringStatus="FIN" smmsCorrection="0"/>
<Player agaExpirationDate="" agaId="" club="" country="" egfPin="" ffgLicence="" ffgLicenceStatus="" firstName="Lucaswulu" grade="1D" name="Lucas Wu Lu" participating="11111111111111111111" rank="1D" rating="2100" ratingOrigin="INI" registeringStatus="FIN" smmsCorrection="0"/>
<Player agaExpirationDate="" agaId="" club="" country="" egfPin="" ffgLicence="" ffgLicenceStatus="" firstName="Charlief" grade="21K" name="Charlie Fong" participating="11111111111111111111" rank="21K" rating="0" ratingOrigin="INI" registeringStatus="FIN" smmsCorrection="0"/>
<Player agaExpirationDate="" agaId="" club="" country="" egfPin="" ffgLicence="" ffgLicenceStatus="" firstName="Xinyuchen" grade="4K" name="Xinyu Chen" participating="11111111111111111111" rank="4K" rating="1700" ratingOrigin="INI" registeringStatus="FIN" smmsCorrection="0"/>
<Player agaExpirationDate="" agaId="" club="" country="" egfPin="" ffgLicence="" ffgLicenceStatus="" firstName="Siouxp" grade="16K" name="Edward Lee" participating="11111111111111111111" rank="16K" rating="500" ratingOrigin="INI" registeringStatus="FIN" smmsCorrection="0"/>
<Player agaExpirationDate="" agaId="" club="" country="" egfPin="" ffgLicence="" ffgLicenceStatus="" firstName="Didi09" grade="12K" name="Jeremy Wong" participating="11111111111111111111" rank="12K" rating="900" ratingOrigin="INI" registeringStatus="FIN" smmsCorrection="0"/>
<Player agaExpirationDate="" agaId="" club="" country="" egfPin="" ffgLicence="" ffgLicenceStatus="" firstName="Yulissa" grade="3K" name="Yulissa Wu Lu" participating="11111111111111111111" rank="3K" rating="1800" ratingOrigin="INI" registeringStatus="FIN" smmsCorrection="0"/>
<Player agaExpirationDate="" agaId="" club="" country="" egfPin="" ffgLicence="" ffgLicenceStatus="" firstName="Tonyy2008" grade="5D" name="Tony Yang" participating="11111111111111111111" rank="5D" rating="2500" ratingOrigin="MAN" registeringStatus="FIN" smmsCorrection="0"/>
<Player agaExpirationDate="" agaId="" club="" country="" egfPin="" ffgLicence="" ffgLicenceStatus="" firstName="Agcjoshl" grade="4D" name="Juanshu Lan" participating="11111111111111111111" rank="4D" rating="2400" ratingOrigin="INI" registeringStatus="FIN" smmsCorrection="0"/>
<Player agaExpirationDate="" agaId="" club="" country="" egfPin="" ffgLicence="" ffgLicenceStatus="" firstName="Jiayang" grade="1D" name="Jiayang Su" participating="11111111111111111111" rank="1D" rating="2100" ratingOrigin="INI" registeringStatus="FIN" smmsCorrection="0"/>
<Player agaExpirationDate="" agaId="" club="" country="" egfPin="" ffgLicence="" ffgLicenceStatus="" firstName="Chaselin09" grade="2D" name="Chase Lin" participating="11111111111111111111" rank="2D" rating="2200" ratingOrigin="INI" registeringStatus="FIN" smmsCorrection="0"/>
<Player agaExpirationDate="" agaId="" club="" country="" egfPin="" ffgLicence="" ffgLicenceStatus="" firstName="Flash Fang" grade="24K" name="Enzo Moscola" participating="11111111111111111111" rank="24K" rating="-300" ratingOrigin="INI" registeringStatus="FIN" smmsCorrection="0"/>
<Player agaExpirationDate="" agaId="" club="" country="" egfPin="" ffgLicence="" ffgLicenceStatus="" firstName="Benb" grade="21K" name="Benjamin Bank" participating="11111111111111111111" rank="21K" rating="0" ratingOrigin="INI" registeringStatus="FIN" smmsCorrection="0"/>
<Player agaExpirationDate="" agaId="" club="" country="" egfPin="" ffgLicence="" ffgLicenceStatus="" firstName="Jz26927" grade="2K" name="Yuqing Zhang" participating="11111111111111111111" rank="2K" rating="1900" ratingOrigin="INI" registeringStatus="FIN" smmsCorrection="0"/>
<Player agaExpirationDate="" agaId="" club="" country="" egfPin="" ffgLicence="" ffgLicenceStatus="" firstName="Gccongress" grade="5D" name="Blake Kang" participating="11111111111111111111" rank="5D" rating="2500" ratingOrigin="INI" registeringStatus="FIN" smmsCorrection="0"/>
<Player agaExpirationDate="" agaId="" club="" country="" egfPin="" ffgLicence="" ffgLicenceStatus="" firstName="Dragonfly" grade="13K" name="Emily Xie" participating="11111111111111111111" rank="13K" rating="800" ratingOrigin="INI" registeringStatus="FIN" smmsCorrection="0"/>
<Player agaExpirationDate="" agaId="" club="" country="" egfPin="" ffgLicence="" ffgLicenceStatus="" firstName="Irz112" grade="8K" name="Issac Zhang" participating="11111111111111111111" rank="8K" rating="1300" ratingOrigin="INI" registeringStatus="FIN" smmsCorrection="0"/>
<Player agaExpirationDate="" agaId="" club="" country="" egfPin="" ffgLicence="" ffgLicenceStatus="" firstName="Zhiyong1" grade="2K" name="Zhiyong Huang" participating="11111111111111111111" rank="2K" rating="1900" ratingOrigin="INI" registeringStatus="FIN" smmsCorrection="0"/>
<Player agaExpirationDate="" agaId="" club="" country="" egfPin="" ffgLicence="" ffgLicenceStatus="" firstName="Avag" grade="14K" name="Duan Gao" participating="11111111111111111111" rank="14K" rating="700" ratingOrigin="INI" registeringStatus="FIN" smmsCorrection="0"/>
<Player agaExpirationDate="" agaId="" club="" country="" egfPin="" ffgLicence="" ffgLicenceStatus="" firstName="Marcos524" grade="1D" name="Marcos Yang" participating="11111111111111111111" rank="1D" rating="2100" ratingOrigin="INI" registeringStatus="FIN" smmsCorrection="0"/>
<Player agaExpirationDate="" agaId="" club="" country="" egfPin="" ffgLicence="" ffgLicenceStatus="" firstName="Jaydelai" grade="17K" name="Jayden Lam" participating="11111111111111111111" rank="17K" rating="400" ratingOrigin="INI" registeringStatus="FIN" smmsCorrection="0"/>
<Player agaExpirationDate="" agaId="" club="" country="" egfPin="" ffgLicence="" ffgLicenceStatus="" firstName="Sunbunny6" grade="1K" name="Stephanie Tan" participating="11111111111111111111" rank="1K" rating="2000" ratingOrigin="INI" registeringStatus="FIN" smmsCorrection="0"/>
<Player agaExpirationDate="" agaId="" club="" country="" egfPin="" ffgLicence="" ffgLicenceStatus="" firstName="Platicorn5" grade="7K" name="Anni Zhu" participating="11111111111111111111" rank="7K" rating="1400" ratingOrigin="INI" registeringStatus="FIN" smmsCorrection="0"/>
<Player agaExpirationDate="" agaId="" club="" country="" egfPin="" ffgLicence="" ffgLicenceStatus="" firstName="Avikdragon" grade="15K" name="Avik Hardy" participating="11111111111111111111" rank="15K" rating="600" ratingOrigin="INI" registeringStatus="FIN" smmsCorrection="0"/>
<Player agaExpirationDate="" agaId="" club="" country="" egfPin="" ffgLicence="" ffgLicenceStatus="" firstName="Letsenzo" grade="15K" name="Enzo Aozono-Araldi" participating="11111111111111111111" rank="15K" rating="600" ratingOrigin="MAN" registeringStatus="FIN" smmsCorrection="0"/>
<Player agaExpirationDate="" agaId="" club="" country="" egfPin="" ffgLicence="" ffgLicenceStatus="" firstName="Jiggy" grade="5K" name="Frank Wang" participating="11111111111111111111" rank="5K" rating="1600" ratingOrigin="INI" registeringStatus="FIN" smmsCorrection="0"/>
<Player agaExpirationDate="" agaId="" club="" country="" egfPin="" ffgLicence="" ffgLicenceStatus="" firstName="Eggybro96" grade="18K" name="Sebastian Wong" participating="11111111111111111111" rank="18K" rating="300" ratingOrigin="INI" registeringStatus="FIN" smmsCorrection="0"/>
<Player agaExpirationDate="" agaId="" club="" country="" egfPin="" ffgLicence="" ffgLicenceStatus="" firstName="Gus123" grade="5D" name="Frederick Bao" participating="11111111111111111111" rank="5D" rating="2500" ratingOrigin="INI" registeringStatus="FIN" smmsCorrection="0"/>
<Player agaExpirationDate="" agaId="" club="" country="" egfPin="" ffgLicence="" ffgLicenceStatus="" firstName="Annazhou" grade="6K" name="Anna Zhou" participating="11111111111111111111" rank="6K" rating="1500" ratingOrigin="INI" registeringStatus="FIN" smmsCorrection="0"/>
<Player agaExpirationDate="" agaId="" club="" country="" egfPin="" ffgLicence="" ffgLicenceStatus="" firstName="Kai9" grade="16K" name="Kai Schible Yoshida" participating="11111111111111111111" rank="16K" rating="500" ratingOrigin="INI" registeringStatus="FIN" smmsCorrection="0"/>
<Player agaExpirationDate="" agaId="" club="" country="" egfPin="" ffgLicence="" ffgLicenceStatus="" firstName="Kyr4231" grade="2K" name="Jason Long" participating="11111111111111111111" rank="2K" rating="1900" ratingOrigin="INI" registeringStatus="FIN" smmsCorrection="0"/>
<Player agaExpirationDate="" agaId="" club="" country="" egfPin="" ffgLicence="" ffgLicenceStatus="" firstName="Plu" grade="6K" name="Patrick Lu" participating="11111111111111111111" rank="6K" rating="1500" ratingOrigin="INI" registeringStatus="FIN" smmsCorrection="0"/>
<Player agaExpirationDate="" agaId="" club="" country="" egfPin="" ffgLicence="" ffgLicenceStatus="" firstName="Minerva" grade="14K" name="Lucia Moscola" participating="11111111111111111111" rank="14K" rating="700" ratingOrigin="INI" registeringStatus="FIN" smmsCorrection="0"/>
<Player agaExpirationDate="" agaId="" club="" country="" egfPin="" ffgLicence="" ffgLicenceStatus="" firstName="Ethanwca" grade="4K" name="Ethan Wong" participating="11111111111111111111" rank="4K" rating="1700" ratingOrigin="INI" registeringStatus="FIN" smmsCorrection="0"/>
<Player agaExpirationDate="" agaId="" club="" country="" egfPin="" ffgLicence="" ffgLicenceStatus="" firstName="Ericmh" grade="4D" name="Minhao Shen" participating="11111111111111111111" rank="4D" rating="2400" ratingOrigin="INI" registeringStatus="FIN" smmsCorrection="0"/>
<Player agaExpirationDate="" agaId="" club="" country="" egfPin="" ffgLicence="" ffgLicenceStatus="" firstName="Zoevan" grade="1K" name="Evan Tan" participating="11111111111111111111" rank="1K" rating="2000" ratingOrigin="INI" registeringStatus="FIN" smmsCorrection="0"/>
<Player agaExpirationDate="" agaId="" club="" country="" egfPin="" ffgLicence="" ffgLicenceStatus="" firstName="Ernlam" grade="7K" name="Ernest Lam" participating="11111111111111111111" rank="7K" rating="1400" ratingOrigin="INI" registeringStatus="FIN" smmsCorrection="0"/>
<Player agaExpirationDate="" agaId="" club="" country="" egfPin="" ffgLicence="" ffgLicenceStatus="" firstName="Jinyao" grade="15K" name="Jinyao Huang" participating="11111111111111111111" rank="15K" rating="600" ratingOrigin="INI" registeringStatus="FIN" smmsCorrection="0"/>
<Player agaExpirationDate="" agaId="" club="" country="" egfPin="" ffgLicence="" ffgLicenceStatus="" firstName="Alo1352" grade="7K" name="Alexander Lo" participating="11111111111111111111" rank="7K" rating="1400" ratingOrigin="INI" registeringStatus="FIN" smmsCorrection="0"/>
<Player agaExpirationDate="" agaId="" club="" country="" egfPin="" ffgLicence="" ffgLicenceStatus="" firstName="Jchen" grade="4K" name="Johnathan Chen" participating="11111111111111111111" rank="4K" rating="1700" ratingOrigin="INI" registeringStatus="FIN" smmsCorrection="0"/>
<Player agaExpirationDate="" agaId="" club="" country="" egfPin="" ffgLicence="" ffgLicenceStatus="" firstName="Kevinhuang" grade="5D" name="Kevin Huang" participating="11111111111111111111" rank="5D" rating="2500" ratingOrigin="INI" registeringStatus="FIN" smmsCorrection="0"/>
<Player agaExpirationDate="" agaId="" club="" country="" egfPin="" ffgLicence="" ffgLicenceStatus="" firstName="Nba23321" grade="21K" name="Ziqian Chen" participating="11111111111111111111" rank="21K" rating="0" ratingOrigin="INI" registeringStatus="FIN" smmsCorrection="0"/>
<Player agaExpirationDate="" agaId="" club="" country="" egfPin="" ffgLicence="" ffgLicenceStatus="" firstName="Jennyli" grade="2D" name="Hantong Li" participating="11111111111111111111" rank="2D" rating="2200" ratingOrigin="INI" registeringStatus="FIN" smmsCorrection="0"/>
<Player agaExpirationDate="" agaId="" club="" country="" egfPin="" ffgLicence="" ffgLicenceStatus="" firstName="Fwyu" grade="7K" name="Fangwu Yu" participating="11111111111111111111" rank="7K" rating="1400" ratingOrigin="MAN" registeringStatus="FIN" smmsCorrection="0"/>
<Player agaExpirationDate="" agaId="" club="" country="" egfPin="" ffgLicence="" ffgLicenceStatus="" firstName="Christinaw" grade="12K" name="Christina Wang" participating="11111111111111111111" rank="12K" rating="900" ratingOrigin="INI" registeringStatus="FIN" smmsCorrection="0"/>
<Player agaExpirationDate="" agaId="" club="" country="" egfPin="" ffgLicence="" ffgLicenceStatus="" firstName="Jicheng" grade="12K" name="Jicheng Xie" participating="11111111111111111111" rank="12K" rating="900" ratingOrigin="MAN" registeringStatus="FIN" smmsCorrection="0"/>
<Player agaExpirationDate="" agaId="" club="" country="" egfPin="" ffgLicence="" ffgLicenceStatus="" firstName="Danmaster" grade="10K" name="Daniel Luo" participating="11111111111111111111" rank="10K" rating="1100" ratingOrigin="INI" registeringStatus="FIN" smmsCorrection="0"/>
<Player agaExpirationDate="" agaId="" club="" country="" egfPin="" ffgLicence="" ffgLicenceStatus="" firstName="Angelzhou" grade="7K" name="Angel Zhou" participating="11111111111111111111" rank="7K" rating="1400" ratingOrigin="MAN" registeringStatus="FIN" smmsCorrection="0"/>
<Player agaExpirationDate="" agaId="" club="" country="" egfPin="" ffgLicence="" ffgLicenceStatus="" firstName="Vpxie" grade="2K" name="Victoria Xie" participating="11111111111111111111" rank="2K" rating="1900" ratingOrigin="INI" registeringStatus="FIN" smmsCorrection="0"/>
<Player agaExpirationDate="" agaId="" club="" country="" egfPin="" ffgLicence="" ffgLicenceStatus="" firstName="Messi" grade="2D" name="Steve Zhang" participating="11111111111111111111" rank="2D" rating="2200" ratingOrigin="INI" registeringStatus="FIN" smmsCorrection="0"/>
<Player agaExpirationDate="" agaId="" club="" country="" egfPin="" ffgLicence="" ffgLicenceStatus="" firstName="Yanmil" grade="19K" name="Yan Milman" participating="11111111111111111111" rank="19K" rating="200" ratingOrigin="MAN" registeringStatus="FIN" smmsCorrection="0"/>
<Player agaExpirationDate="" agaId="" club="" country="" egfPin="" ffgLicence="" ffgLicenceStatus="" firstName="Charlie123" grade="18K" name="Charlie Zhong" participating="11111111111111111111" rank="18K" rating="300" ratingOrigin="INI" registeringStatus="FIN" smmsCorrection="0"/>
<Player agaExpirationDate="" agaId="" club="" country="" egfPin="" ffgLicence="" ffgLicenceStatus="" firstName="Chenghan" grade="1K" name="Chenghan Du" participating="11111111111111111111" rank="1K" rating="2000" ratingOrigin="INI" registeringStatus="FIN" smmsCorrection="0"/>
<Player agaExpirationDate="" agaId="" club="" country="" egfPin="" ffgLicence="" ffgLicenceStatus="" firstName="Fyyu" grade="11K" name="Fangyi Yu" participating="11111111111111111111" rank="11K" rating="1000" ratingOrigin="INI" registeringStatus="FIN" smmsCorrection="0"/>
<Player agaExpirationDate="" agaId="" club="" country="" egfPin="" ffgLicence="" ffgLicenceStatus="" firstName="Lucasyang" grade="12K" name="Lucas Yang" participating="11111111111111111111" rank="12K" rating="900" ratingOrigin="INI" registeringStatus="FIN" smmsCorrection="0"/>
<Player agaExpirationDate="" agaId="" club="" country="" egfPin="" ffgLicence="" ffgLicenceStatus="" firstName="Zixuangao2" grade="3D" name="Zixuan Gao" participating="11111111111111111111" rank="3D" rating="2300" ratingOrigin="INI" registeringStatus="FIN" smmsCorrection="0"/>
<Player agaExpirationDate="" agaId="" club="" country="" egfPin="" ffgLicence="" ffgLicenceStatus="" firstName="Zhihan1" grade="5K" name="Zhihan William Huang" participating="11111111111111111111" rank="5K" rating="1600" ratingOrigin="INI" registeringStatus="FIN" smmsCorrection="0"/>
<Player agaExpirationDate="" agaId="" club="" country="" egfPin="" ffgLicence="" ffgLicenceStatus="" firstName="Ericy2012" grade="4K" name="Eric Yang" participating="11111111111111111111" rank="4K" rating="1700" ratingOrigin="INI" registeringStatus="FIN" smmsCorrection="0"/>
<Player agaExpirationDate="" agaId="" club="" country="" egfPin="" ffgLicence="" ffgLicenceStatus="" firstName="Jerty" grade="1K" name="Jerry Ju" participating="11111111111111111111" rank="1K" rating="2000" ratingOrigin="INI" registeringStatus="FIN" smmsCorrection="0"/>
<Player agaExpirationDate="" agaId="" club="" country="" egfPin="" ffgLicence="" ffgLicenceStatus="" firstName="Ljason" grade="6K" name="Jason Li" participating="11111111111111111111" rank="6K" rating="1500" ratingOrigin="INI" registeringStatus="FIN" smmsCorrection="0"/>
<Player agaExpirationDate="" agaId="" club="" country="" egfPin="" ffgLicence="" ffgLicenceStatus="" firstName="Abanana" grade="25K" name="Andrew Cheng" participating="11111111111111111111" rank="25K" rating="-400" ratingOrigin="INI" registeringStatus="FIN" smmsCorrection="0"/>
<Player agaExpirationDate="" agaId="" club="" country="" egfPin="" ffgLicence="" ffgLicenceStatus="" firstName="Matthew20" grade="13K" name="Matthew Wang" participating="11111111111111111111" rank="13K" rating="800" ratingOrigin="INI" registeringStatus="FIN" smmsCorrection="0"/>
<Player agaExpirationDate="" agaId="" club="" country="" egfPin="" ffgLicence="" ffgLicenceStatus="" firstName="Mobspawner" grade="3D" name="Ethan Whitman" participating="11111111111111111111" rank="3D" rating="2300" ratingOrigin="INI" registeringStatus="FIN" smmsCorrection="0"/>
<Player agaExpirationDate="" agaId="" club="" country="" egfPin="" ffgLicence="" ffgLicenceStatus="" firstName="Gogirlgo" grade="19K" name="Noah Carrafa" participating="11111111111111111111" rank="19K" rating="200" ratingOrigin="INI" registeringStatus="FIN" smmsCorrection="0"/>
<Player agaExpirationDate="" agaId="" club="" country="" egfPin="" ffgLicence="" ffgLicenceStatus="" firstName="Chenxi" grade="13K" name="Chenxi Du" participating="11111111111111111111" rank="13K" rating="800" ratingOrigin="INI" registeringStatus="FIN" smmsCorrection="0"/>
<Player agaExpirationDate="" agaId="" club="" country="" egfPin="" ffgLicence="" ffgLicenceStatus="" firstName="Apatcup" grade="3D" name="Patrick Zhao" participating="11111111111111111111" rank="3D" rating="2300" ratingOrigin="INI" registeringStatus="FIN" smmsCorrection="0"/>
<Player agaExpirationDate="" agaId="" club="" country="" egfPin="" ffgLicence="" ffgLicenceStatus="" firstName="Letspanda" grade="12K" name="Maria Aozono-Araldi" participating="11111111111111111111" rank="12K" rating="900" ratingOrigin="INI" registeringStatus="FIN" smmsCorrection="0"/>
<Player agaExpirationDate="" agaId="" club="" country="" egfPin="" ffgLicence="" ffgLicenceStatus="" firstName="Tommy1" grade="4D" name="Ruihan Cao" participating="11111111111111111111" rank="4D" rating="2400" ratingOrigin="INI" registeringStatus="FIN" smmsCorrection="0"/>
<Player agaExpirationDate="" agaId="" club="" country="" egfPin="" ffgLicence="" ffgLicenceStatus="" firstName="Juniorrock" grade="17K" name="Grace Chou" participating="11111111111111111111" rank="17K" rating="400" ratingOrigin="MAN" registeringStatus="FIN" smmsCorrection="0"/>
<Player agaExpirationDate="" agaId="" club="" country="" egfPin="" ffgLicence="" ffgLicenceStatus="" firstName="Julietz" grade="12K" name="Juliet Zhang" participating="11111111111111111111" rank="12K" rating="900" ratingOrigin="INI" registeringStatus="FIN" smmsCorrection="0"/>
<Player agaExpirationDate="" agaId="" club="" country="" egfPin="" ffgLicence="" ffgLicenceStatus="" firstName="Blo1352" grade="14K" name="Benjamin Lo" participating="11111111111111111111" rank="14K" rating="700" ratingOrigin="INI" registeringStatus="FIN" smmsCorrection="0"/>
<Player agaExpirationDate="" agaId="" club="" country="" egfPin="" ffgLicence="" ffgLicenceStatus="" firstName="Alexqi2008" grade="5D" name="Alexander Qi" participating="11111111111111111111" rank="5D" rating="2500" ratingOrigin="INI" registeringStatus="FIN" smmsCorrection="0"/>
<Player agaExpirationDate="" agaId="" club="" country="" egfPin="" ffgLicence="" ffgLicenceStatus="" firstName="Tingting" grade="20K" name="Yiting Liu" participating="11111111111111111111" rank="20K" rating="100" ratingOrigin="INI" registeringStatus="FIN" smmsCorrection="0"/>
<Player agaExpirationDate="" agaId="" club="" country="" egfPin="" ffgLicence="" ffgLicenceStatus="" firstName="Andyzhou" grade="3K" name="Andy Zhou" participating="11111111111111111111" rank="3K" rating="1800" ratingOrigin="INI" registeringStatus="FIN" smmsCorrection="0"/>
<Player agaExpirationDate="" agaId="" club="" country="" egfPin="" ffgLicence="" ffgLicenceStatus="" firstName="Jaydenwu" grade="9K" name="Jayden Wu" participating="11111111111111111111" rank="9K" rating="1200" ratingOrigin="INI" registeringStatus="FIN" smmsCorrection="0"/>
<Player agaExpirationDate="" agaId="" club="" country="" egfPin="" ffgLicence="" ffgLicenceStatus="" firstName="Mannyj" grade="8K" name="Manny Jauregui" participating="11111111111111111111" rank="8K" rating="1300" ratingOrigin="INI" registeringStatus="FIN" smmsCorrection="0"/>
<Player agaExpirationDate="" agaId="" club="" country="" egfPin="" ffgLicence="" ffgLicenceStatus="" firstName="Snipaduel" grade="10K" name="Alexander Zhuang" participating="11111111111111111111" rank="10K" rating="1100" ratingOrigin="INI" registeringStatus="FIN" smmsCorrection="0"/>
<Player agaExpirationDate="" agaId="" club="" country="" egfPin="" ffgLicence="" ffgLicenceStatus="" firstName="Igo4now" grade="2K" name="Xiayang Alexander Huang" participating="11111111111111111111" rank="2K" rating="1900" ratingOrigin="INI" registeringStatus="FIN" smmsCorrection="0"/>
<Player agaExpirationDate="" agaId="" club="" country="" egfPin="" ffgLicence="" ffgLicenceStatus="" firstName="Woomyboi69" grade="10K" name="Aiden Wong" participating="11111111111111111111" rank="10K" rating="1100" ratingOrigin="MAN" registeringStatus="FIN" smmsCorrection="0"/>
<Player agaExpirationDate="" agaId="" club="" country="" egfPin="" ffgLicence="" ffgLicenceStatus="" firstName="Liyamil" grade="21K" name="Liya Milman" participating="11111111111111111111" rank="21K" rating="0" ratingOrigin="INI" registeringStatus="FIN" smmsCorrection="0"/>
<Player agaExpirationDate="" agaId="" club="" country="" egfPin="" ffgLicence="" ffgLicenceStatus="" firstName="Ss23" grade="1K" name="Samantha Soo" participating="11111111111111111111" rank="1K" rating="2000" ratingOrigin="INI" registeringStatus="FIN" smmsCorrection="0"/>
<Player agaExpirationDate="" agaId="" club="" country="" egfPin="" ffgLicence="" ffgLicenceStatus="" firstName="Calebtan" grade="18K" name="Caleb Tan" participating="11111111111111111111" rank="18K" rating="300" ratingOrigin="INI" registeringStatus="FIN" smmsCorrection="0"/>
<Player agaExpirationDate="" agaId="" club="" country="" egfPin="" ffgLicence="" ffgLicenceStatus="" firstName="Patrick08" grade="4K" name="Patrick Fang" participating="11111111111111111111" rank="4K" rating="1700" ratingOrigin="INI" registeringStatus="FIN" smmsCorrection="0"/>
<Player agaExpirationDate="" agaId="" club="" country="" egfPin="" ffgLicence="" ffgLicenceStatus="" firstName="Nba30" grade="20K" name="Zimo Chen" participating="11111111111111111111" rank="20K" rating="100" ratingOrigin="INI" registeringStatus="FIN" smmsCorrection="0"/>
<Player agaExpirationDate="" agaId="" club="" country="" egfPin="" ffgLicence="" ffgLicenceStatus="" firstName="Monstralex" grade="5K" name="Alex Fan-Cui" participating="11111111111111111111" rank="5K" rating="1600" ratingOrigin="MAN" registeringStatus="FIN" smmsCorrection="0"/>
<Player agaExpirationDate="" agaId="" club="" country="" egfPin="" ffgLicence="" ffgLicenceStatus="" firstName="Stardragon" grade="7K" name="Joshua Wong" participating="11111111111111111111" rank="7K" rating="1400" ratingOrigin="INI" registeringStatus="FIN" smmsCorrection="0"/>
<Player agaExpirationDate="" agaId="" club="" country="" egfPin="" ffgLicence="" ffgLicenceStatus="" firstName="Wil" grade="7K" name="Jamie Tang" participating="11111111111111111111" rank="7K" rating="1400" ratingOrigin="INI" registeringStatus="FIN" smmsCorrection="0"/>
<Player agaExpirationDate="" agaId="" club="" country="" egfPin="" ffgLicence="" ffgLicenceStatus="" firstName="Silent123" grade="1K" name="Alan Yang" participating="11111111111111111111" rank="1K" rating="2000" ratingOrigin="INI" registeringStatus="FIN" smmsCorrection="0"/>
<Player agaExpirationDate="" agaId="" club="" country="" egfPin="" ffgLicence="" ffgLicenceStatus="" firstName="Ericxiaomi" grade="25K" name="Eric Wang" participating="11111111111111111111" rank="25K" rating="-400" ratingOrigin="INI" registeringStatus="FIN" smmsCorrection="0"/>
<Player agaExpirationDate="" agaId="" club="" country="" egfPin="" ffgLicence="" ffgLicenceStatus="" firstName="Ben08" grade="13K" name="Benjamin Yang" participating="11111111111111111111" rank="13K" rating="800" ratingOrigin="INI" registeringStatus="FIN" smmsCorrection="0"/>
<Player agaExpirationDate="" agaId="" club="" country="" egfPin="" ffgLicence="" ffgLicenceStatus="" firstName="Rebeccac" grade="18K" name="Rebecca Cheng" participating="11111111111111111111" rank="18K" rating="300" ratingOrigin="INI" registeringStatus="FIN" smmsCorrection="0"/>
<Player agaExpirationDate="" agaId="" club="" country="" egfPin="" ffgLicence="" ffgLicenceStatus="" firstName="Clamatoes" grade="23K" name="Miles Henry" participating="11111111111111111111" rank="23K" rating="-200" ratingOrigin="INI" registeringStatus="FIN" smmsCorrection="0"/>
<Player agaExpirationDate="" agaId="" club="" country="" egfPin="" ffgLicence="" ffgLicenceStatus="" firstName="Michael595" grade="5D" name="Michael Sato" participating="11111111111111111111" rank="5D" rating="2500" ratingOrigin="INI" registeringStatus="FIN" smmsCorrection="0"/>
<Player agaExpirationDate="" agaId="" club="" country="" egfPin="" ffgLicence="" ffgLicenceStatus="" firstName="Keviny2007" grade="5D" name="Kevin Yang" participating="11111111111111111111" rank="5D" rating="2500" ratingOrigin="INI" registeringStatus="FIN" smmsCorrection="0"/>
</Players>
<Games>
<Game blackPlayer="RUIHANCAOTOMMY1" handicap="0" knownColor="true" result="RESULT_UNKNOWN" roundNumber="1" tableNumber="1" whitePlayer="ALEXANDERQIALEXQI2008"/>
<Game blackPlayer="BENGONGBENGONG18" handicap="0" knownColor="true" result="RESULT_UNKNOWN" roundNumber="1" tableNumber="2" whitePlayer="TONYYANGTONYY2008"/>
<Game blackPlayer="BLAKEKANGGCCONGRESS" handicap="0" knownColor="true" result="RESULT_UNKNOWN" roundNumber="1" tableNumber="3" whitePlayer="MINHAOSHENERICMH"/>
<Game blackPlayer="BRANDONZHOUATLBRANDON" handicap="0" knownColor="true" result="RESULT_UNKNOWN" roundNumber="1" tableNumber="4" whitePlayer="JUANSHULANAGCJOSHL"/>
<Game blackPlayer="MICHAELSATOMICHAEL595" handicap="0" knownColor="true" result="RESULT_UNKNOWN" roundNumber="1" tableNumber="5" whitePlayer="FREDERICKBAOGUS123"/>
<Game blackPlayer="KEVINHUANGKEVINHUANG" handicap="0" knownColor="true" result="RESULT_UNKNOWN" roundNumber="1" tableNumber="6" whitePlayer="KEVINYANGKEVINY2007"/>
<Game blackPlayer="HANTONGLIJENNYLI" handicap="0" knownColor="true" result="RESULT_UNKNOWN" roundNumber="1" tableNumber="7" whitePlayer="CHASELINCHASELIN09"/>
<Game blackPlayer="JIAYANGSUJIAYANG" handicap="0" knownColor="true" result="RESULT_UNKNOWN" roundNumber="1" tableNumber="8" whitePlayer="ETHANWHITMANMOBSPAWNER"/>
<Game blackPlayer="LUCASWULULUCASWULU" handicap="0" knownColor="true" result="RESULT_UNKNOWN" roundNumber="1" tableNumber="9" whitePlayer="KATHERINEXIEKXIE2015"/>
<Game blackPlayer="ZIXUANGAOZIXUANGAO2" handicap="0" knownColor="true" result="RESULT_UNKNOWN" roundNumber="1" tableNumber="10" whitePlayer="MARCOSYANGMARCOS524"/>
<Game blackPlayer="PATRICKZHAOAPATCUP" handicap="0" knownColor="true" result="RESULT_UNKNOWN" roundNumber="1" tableNumber="11" whitePlayer="STEVEZHANGMESSI"/>
<Game blackPlayer="STEVELINGSTEVEYLING" handicap="0" knownColor="true" result="RESULT_UNKNOWN" roundNumber="1" tableNumber="12" whitePlayer="ALANYANGSILENT123"/>
<Game blackPlayer="ANDYZHOUANDYZHOU" handicap="0" knownColor="true" result="RESULT_UNKNOWN" roundNumber="1" tableNumber="13" whitePlayer="ZHIYONGHUANGZHIYONG1"/>
<Game blackPlayer="VICTORIAXIEVPXIE" handicap="0" knownColor="true" result="RESULT_UNKNOWN" roundNumber="1" tableNumber="14" whitePlayer="ANGELINAZHAOANGELZHAO"/>
<Game blackPlayer="EVANTANZOEVAN" handicap="0" knownColor="true" result="RESULT_UNKNOWN" roundNumber="1" tableNumber="15" whitePlayer="CHENGHANDUCHENGHAN"/>
<Game blackPlayer="DEREKZHOUMONSTER123" handicap="0" knownColor="true" result="RESULT_UNKNOWN" roundNumber="1" tableNumber="16" whitePlayer="YULISSAWULUYULISSA"/>
<Game blackPlayer="YUQINGZHANGJZ26927" handicap="0" knownColor="true" result="RESULT_UNKNOWN" roundNumber="1" tableNumber="17" whitePlayer="JASONLONGKYR4231"/>
<Game blackPlayer="JERRYJUJERTY" handicap="0" knownColor="true" result="RESULT_UNKNOWN" roundNumber="1" tableNumber="18" whitePlayer="STEPHANIETANSUNBUNNY6"/>
<Game blackPlayer="XIAYANGALEXANDERHUANGIGO4NOW" handicap="0" knownColor="true" result="RESULT_UNKNOWN" roundNumber="1" tableNumber="19" whitePlayer="SAMANTHASOOSS23"/>
<Game blackPlayer="AMYLINGAMYLING" handicap="0" knownColor="true" result="RESULT_UNKNOWN" roundNumber="1" tableNumber="20" whitePlayer="ALEXFAN-CUIMONSTRALEX"/>
<Game blackPlayer="FRANKWANGJIGGY" handicap="0" knownColor="true" result="RESULT_UNKNOWN" roundNumber="1" tableNumber="21" whitePlayer="ANNAZHOUANNAZHOU"/>
<Game blackPlayer="CHENHUIZHANGCHENHUI" handicap="0" knownColor="true" result="RESULT_UNKNOWN" roundNumber="1" tableNumber="22" whitePlayer="PATRICKLUPLU"/>
<Game blackPlayer="XINYUCHENXINYUCHEN" handicap="0" knownColor="true" result="RESULT_UNKNOWN" roundNumber="1" tableNumber="23" whitePlayer="ERICYANGERICY2012"/>
<Game blackPlayer="PATRICKFANGPATRICK08" handicap="0" knownColor="true" result="RESULT_UNKNOWN" roundNumber="1" tableNumber="24" whitePlayer="ETHANWONGETHANWCA"/>
<Game blackPlayer="JASONLILJASON" handicap="0" knownColor="true" result="RESULT_UNKNOWN" roundNumber="1" tableNumber="25" whitePlayer="JACKZHANGDEATHRAY"/>
<Game blackPlayer="JASONYANGJY0034" handicap="0" knownColor="true" result="RESULT_UNKNOWN" roundNumber="1" tableNumber="26" whitePlayer="ZHIHANWILLIAMHUANGZHIHAN1"/>
<Game blackPlayer="JOHNATHANCHENJCHEN" handicap="0" knownColor="true" result="RESULT_UNKNOWN" roundNumber="1" tableNumber="27" whitePlayer="PHILIPCHIENPCHIEN"/>
<Game blackPlayer="ALEXANDERZHUANGSNIPADUEL" handicap="0" knownColor="true" result="RESULT_UNKNOWN" roundNumber="1" tableNumber="28" whitePlayer="AIDENWONGWOOMYBOI69"/>
<Game blackPlayer="ALEXANDERLOALO1352" handicap="0" knownColor="true" result="RESULT_UNKNOWN" roundNumber="1" tableNumber="29" whitePlayer="JAMIETANGWIL"/>
<Game blackPlayer="ANGELZHOUANGELZHOU" handicap="0" knownColor="true" result="RESULT_UNKNOWN" roundNumber="1" tableNumber="30" whitePlayer="ERNESTLAMERNLAM"/>
<Game blackPlayer="ANNIZHUPLATICORN5" handicap="0" knownColor="true" result="RESULT_UNKNOWN" roundNumber="1" tableNumber="31" whitePlayer="JOSHUAWONGSTARDRAGON"/>
<Game blackPlayer="JAYDENWUJAYDENWU" handicap="0" knownColor="true" result="RESULT_UNKNOWN" roundNumber="1" tableNumber="32" whitePlayer="DANIELLUODANMASTER"/>
<Game blackPlayer="ISSACZHANGIRZ112" handicap="0" knownColor="true" result="RESULT_UNKNOWN" roundNumber="1" tableNumber="33" whitePlayer="FANGWUYUFWYU"/>
<Game blackPlayer="NATHANHANXLTRA76" handicap="0" knownColor="true" result="RESULT_UNKNOWN" roundNumber="1" tableNumber="34" whitePlayer="MANNYJAUREGUIMANNYJ"/>
<Game blackPlayer="BENJAMINLOBLO1352" handicap="0" knownColor="true" result="RESULT_UNKNOWN" roundNumber="1" tableNumber="35" whitePlayer="LUCIAMOSCOLAMINERVA"/>
<Game blackPlayer="MATTHEWWANGMATTHEW20" handicap="0" knownColor="true" result="RESULT_UNKNOWN" roundNumber="1" tableNumber="36" whitePlayer="BENJAMINYANGBEN08"/>
<Game blackPlayer="CHENXIDUCHENXI" handicap="0" knownColor="true" result="RESULT_UNKNOWN" roundNumber="1" tableNumber="37" whitePlayer="EMILYXIEDRAGONFLY"/>
<Game blackPlayer="CHRISTINAWANGCHRISTINAW" handicap="0" knownColor="true" result="RESULT_UNKNOWN" roundNumber="1" tableNumber="38" whitePlayer="JULIETZHANGJULIETZ"/>
<Game blackPlayer="DUANGAOAVAG" handicap="0" knownColor="true" result="RESULT_UNKNOWN" roundNumber="1" tableNumber="39" whitePlayer="JICHENGXIEJICHENG"/>
<Game blackPlayer="MARIAAOZONO-ARALDILETSPANDA" handicap="0" knownColor="true" result="RESULT_UNKNOWN" roundNumber="1" tableNumber="40" whitePlayer="FANGYIYUFYYU"/>
<Game blackPlayer="JEREMYWONGDIDI09" handicap="0" knownColor="true" result="RESULT_UNKNOWN" roundNumber="1" tableNumber="41" whitePlayer="LUCASYANGLUCASYANG"/>
<Game blackPlayer="JINYAOHUANGJINYAO" handicap="0" knownColor="true" result="RESULT_UNKNOWN" roundNumber="1" tableNumber="42" whitePlayer="AVIKHARDYAVIKDRAGON"/>
<Game blackPlayer="REBECCACHENGREBECCAC" handicap="0" knownColor="true" result="RESULT_UNKNOWN" roundNumber="1" tableNumber="43" whitePlayer="CALEBTANCALEBTAN"/>
<Game blackPlayer="SEBASTIANWONGEGGYBRO96" handicap="0" knownColor="true" result="RESULT_UNKNOWN" roundNumber="1" tableNumber="44" whitePlayer="CHARLIEZHONGCHARLIE123"/>
<Game blackPlayer="EDWARDLEESIOUXP" handicap="0" knownColor="true" result="RESULT_UNKNOWN" roundNumber="1" tableNumber="45" whitePlayer="JAYDENLAMJAYDELAI"/>
<Game blackPlayer="ENZOAOZONO-ARALDILETSENZO" handicap="0" knownColor="true" result="RESULT_UNKNOWN" roundNumber="1" tableNumber="46" whitePlayer="KAISCHIBLEYOSHIDAKAI9"/>
<Game blackPlayer="MATTHEWYANGMATTHEW06" handicap="0" knownColor="true" result="RESULT_UNKNOWN" roundNumber="1" tableNumber="47" whitePlayer="GRACECHOUJUNIORROCK"/>
<Game blackPlayer="YANMILMANYANMIL" handicap="0" knownColor="true" result="RESULT_UNKNOWN" roundNumber="1" tableNumber="48" whitePlayer="NOAHCARRAFAGOGIRLGO"/>
<Game blackPlayer="ABRAHAMREMILLARDASBAYEN" handicap="0" knownColor="true" result="RESULT_UNKNOWN" roundNumber="1" tableNumber="49" whitePlayer="ANDREWCHENGABANANA"/>
<Game blackPlayer="MILESHENRYCLAMATOES" handicap="0" knownColor="true" result="RESULT_UNKNOWN" roundNumber="1" tableNumber="50" whitePlayer="ANDERSONMEIAMEI"/>
<Game blackPlayer="BENJAMINBANKBENB" handicap="0" knownColor="true" result="RESULT_UNKNOWN" roundNumber="1" tableNumber="51" whitePlayer="CHARLIEFONGCHARLIEF"/>
<Game blackPlayer="ERICWANGERICXIAOMI" handicap="0" knownColor="true" result="RESULT_UNKNOWN" roundNumber="1" tableNumber="52" whitePlayer="ENZOMOSCOLAFLASHFANG"/>
<Game blackPlayer="ZIQIANCHENNBA23321" handicap="0" knownColor="true" result="RESULT_UNKNOWN" roundNumber="1" tableNumber="53" whitePlayer="LIYAMILMANLIYAMIL"/>
<Game blackPlayer="ZIMOCHENNBA30" handicap="0" knownColor="true" result="RESULT_UNKNOWN" roundNumber="1" tableNumber="54" whitePlayer="YITINGLIUTINGTING"/>
</Games>
<TournamentParameterSet>
<GeneralParameterSet bInternet="false" basicTime="60" beginDate="2020-09-02" canByoYomiTime="300" complementaryTimeSystem="STDBYOYOMI" director="Ryan Li, Felipo Jian, Michael Chen, Stephanie Yin" endDate="2020-09-02" fischerTime="10" genCountNotPlayedGamesAsHalfPoint="false" genMMBar="9D" genMMFloor="30K" genMMS2ValueAbsent="1" genMMS2ValueBye="2" genMMZero="30K" genNBW2ValueAbsent="0" genNBW2ValueBye="2" genRoundDownNBWMMS="true" komi="7.5" location="New York Go Association" name="NAYO" nbMovesCanTime="15" numberOfCategories="8" numberOfRounds="4" shortName="NAYO" size="19" stdByoYomiTime="30">
<Categories>
<Category lowerLimit="4D" number="1"/>
<Category lowerLimit="1D" number="2"/>
<Category lowerLimit="3K" number="3"/>
<Category lowerLimit="6K" number="4"/>
<Category lowerLimit="10K" number="5"/>
<Category lowerLimit="14K" number="6"/>
<Category lowerLimit="19K" number="7"/>
</Categories>
</GeneralParameterSet>
<HandicapParameterSet hdBasedOnMMS="true" hdCeiling="9" hdCorrection="0" hdNoHdRankThreshold="30K"/>
<PlacementParameterSet>
<PlacementCriteria>
<PlacementCriterion name="CAT" number="1"/>
<PlacementCriterion name="NBW" number="2"/>
<PlacementCriterion name="SOSW" number="3"/>
<PlacementCriterion name="SOSOSW" number="4"/>
<PlacementCriterion name="NULL" number="5"/>
<PlacementCriterion name="NULL" number="6"/>
</PlacementCriteria>
</PlacementParameterSet>
<PairingParameterSet paiBaAvoidDuplGame="500000000000000" paiBaBalanceWB="1000000" paiBaDeterministic="true" paiBaRandom="0" paiMaAdditionalPlacementCritSystem1="Rating" paiMaAdditionalPlacementCritSystem2="NULL" paiMaAvoidMixingCategories="20000000000000" paiMaCompensateDUDD="true" paiMaDUDDLowerMode="MID" paiMaDUDDUpperMode="MID" paiMaDUDDWeight="100000000" paiMaLastRoundForSeedSystem1="2" paiMaMaximizeSeeding="5000000" paiMaMinimizeScoreDifference="100000000000" paiMaSeedSystem1="SPLITANDRANDOM" paiMaSeedSystem2="SPLITANDFOLD" paiSeAvoidSameGeo="20000000000000" paiSeBarThresholdActive="true" paiSeDefSecCrit="20000000000000" paiSeMinimizeHandicap="20000000000000" paiSeNbWinsThresholdActive="true" paiSePreferMMSDiffRatherThanSameClub="3" paiSePreferMMSDiffRatherThanSameCountry="1" paiSeRankThreshold="1D" paiStandardNX1Factor="0.5"/>
<DPParameterSet displayClCol="true" displayCoCol="true" displayIndGamesInMatches="true" displayNPPlayers="false" displayNumCol="true" displayPlCol="true" gameFormat="full" playerSortType="name" showByePlayer="true" showNotFinallyRegisteredPlayers="true" showNotPairedPlayers="true" showNotParticipatingPlayers="false" showPlayerClub="true" showPlayerCountry="false" showPlayerGrade="true"/>
<PublishParameterSet exportToLocalFile="true" htmlAutoScroll="false" print="true"/>
</TournamentParameterSet>
<TeamTournamentParameterSet>
<TeamGeneralParameterSet teamSize="4"/>
<TeamPlacementParameterSet>
<PlacementCriteria>
<PlacementCriterion name="TEAMP" number="1"/>
<PlacementCriterion name="BDW" number="2"/>
<PlacementCriterion name="BDW3U" number="3"/>
<PlacementCriterion name="BDW2U" number="4"/>
<PlacementCriterion name="BDW1U" number="5"/>
<PlacementCriterion name="MNR" number="6"/>
</PlacementCriteria>
</TeamPlacementParameterSet>
</TeamTournamentParameterSet>
</Tournament>
