<?xml version="1.0" encoding="UTF-8" standalone="no"?>
<Tournament dataVersion="201" externalIPAddress="77.128.107.78" fullVersionNumber="3.49.04" runningMode="SAL" saveDT="20200905142131">
<Players>
<Player agaExpirationDate="" agaId="" club="Bydg" country="PL" egfPin="16725709" ffgLicence="" ffgLicenceStatus="" firstName="Marianna" grade=" 3K" name="Szychowiak" participating="11111111111111111111" rank="3K" rating="1810" ratingOrigin="EGF : 1810" registeringStatus="FIN" smmsCorrection="0"/>
<Player agaExpirationDate="" agaId="" club="Wars" country="PL" egfPin="18750864" ffgLicence="" ffgLicenceStatus="" firstName="Marcin" grade=" 3K" name="Dziezyc" participating="11111111111111111111" rank="3K" rating="1778" ratingOrigin="EGF : 1778" registeringStatus="FIN" smmsCorrection="0"/>
<Player agaExpirationDate="" agaId="" club="Wroc" country="PL" egfPin="18774954" ffgLicence="" ffgLicenceStatus="" firstName="Marcin" grade=" 4K" name="Kosz" participating="11111111111111111111" rank="4K" rating="1672" ratingOrigin="EGF : 1672" registeringStatus="FIN" smmsCorrection="0"/>
<Player agaExpirationDate="" agaId="" club="Rado" country="PL" egfPin="19586831" ffgLicence="" ffgLicenceStatus="" firstName="Pawel" grade="10K" name="Barszcz" participating="11111111111111111111" rank="10K" rating="843" ratingOrigin="EGF : 843" registeringStatus="FIN" smmsCorrection="0"/>
<Player agaExpirationDate="" agaId="" club="Soso" country="PL" egfPin="14962629" ffgLicence="" ffgLicenceStatus="" firstName="Marek" grade=" 6K" name="Kunek" participating="11111111111111111111" rank="6K" rating="1484" ratingOrigin="EGF : 1484" registeringStatus="FIN" smmsCorrection="0"/>
<Player agaExpirationDate="" agaId="" club="Bydg" country="PL" egfPin="15698287" ffgLicence="" ffgLicenceStatus="" firstName="Dawid" grade=" 3K" name="Libront" participating="11111111111111111111" rank="3K" rating="1778" ratingOrigin="EGF : 1778" registeringStatus="FIN" smmsCorrection="0"/>
<Player agaExpirationDate="" agaId="" club="Toru" country="PL" egfPin="17237407" ffgLicence="" ffgLicenceStatus="" firstName="Cezary" grade=" 8K" name="Malkiewicz" participating="11111111111111111111" rank="8K" rating="1249" ratingOrigin="EGF : 1249" registeringStatus="FIN" smmsCorrection="0"/>
<Player agaExpirationDate="" agaId="" club="Rzes" country="PL" egfPin="16850691" ffgLicence="" ffgLicenceStatus="" firstName="Pawel" grade="13K" name="Golba" participating="11111111111111111111" rank="13K" rating="841" ratingOrigin="EGF : 841" registeringStatus="FIN" smmsCorrection="0"/>
<Player agaExpirationDate="" agaId="" club="Rzes" country="PL" egfPin="17449652" ffgLicence="" ffgLicenceStatus="" firstName="Szymon" grade="12K" name="Pietrucha" participating="11111111111111111111" rank="12K" rating="849" ratingOrigin="EGF : 849" registeringStatus="FIN" smmsCorrection="0"/>
<Player agaExpirationDate="" agaId="" club="Bydg" country="PL" egfPin="19013192" ffgLicence="" ffgLicenceStatus="" firstName="Piotr" grade="17K" name="Szamrowicz" participating="11111111111111111111" rank="17K" rating="357" ratingOrigin="EGF : 357" registeringStatus="FIN" smmsCorrection="0"/>
<Player agaExpirationDate="" agaId="" club="Bydg" country="PL" egfPin="10801835" ffgLicence="" ffgLicenceStatus="" firstName="Wojciech" grade=" 4K" name="Szychowiak" participating="11111111111111111111" rank="4K" rating="1671" ratingOrigin="EGF : 1671" registeringStatus="FIN" smmsCorrection="0"/>
<Player agaExpirationDate="" agaId="" club="Rzes" country="PL" egfPin="16862692" ffgLicence="" ffgLicenceStatus="" firstName="Kamil" grade="18K" name="Zarzecki" participating="11111111111111111111" rank="18K" rating="397" ratingOrigin="EGF : 397" registeringStatus="FIN" smmsCorrection="0"/>
<Player agaExpirationDate="" agaId="" club="Krak" country="PL" egfPin="19525913" ffgLicence="" ffgLicenceStatus="" firstName="Maria" grade="16K" name="Kluziak" participating="11111111111111111111" rank="16K" rating="469" ratingOrigin="EGF : 469" registeringStatus="FIN" smmsCorrection="0"/>
<Player agaExpirationDate="" agaId="" club="Wars" country="PL" egfPin="10750410" ffgLicence="" ffgLicenceStatus="" firstName="Zygmunt" grade=" 6K" name="Dabrowski" participating="11111111111111111111" rank="6K" rating="1441" ratingOrigin="EGF : 1441" registeringStatus="FIN" smmsCorrection="0"/>
<Player agaExpirationDate="" agaId="" club="Miel" country="PL" egfPin="13649526" ffgLicence="" ffgLicenceStatus="" firstName="Krzysztof" grade=" 9K" name="Narog" participating="11111111111111111111" rank="9K" rating="1129" ratingOrigin="EGF : 1129" registeringStatus="FIN" smmsCorrection="0"/>
<Player agaExpirationDate="" agaId="" club="Bydg" country="PL" egfPin="19525209" ffgLicence="" ffgLicenceStatus="" firstName="Piotr" grade="23K" name="Cyrklaff" participating="11111111111111111111" rank="23K" rating="100" ratingOrigin="EGF : 100" registeringStatus="FIN" smmsCorrection="0"/>
<Player agaExpirationDate="" agaId="" club="Wroc" country="PL" egfPin="16062684" ffgLicence="" ffgLicenceStatus="" firstName="Daria" grade=" 7K" name="Kwietniewska" participating="11111111111111111111" rank="7K" rating="1397" ratingOrigin="EGF : 1397" registeringStatus="FIN" smmsCorrection="0"/>
<Player agaExpirationDate="" agaId="" club="Wars" country="PL" egfPin="17401967" ffgLicence="" ffgLicenceStatus="" firstName="Pawel" grade="10K" name="Matejek" participating="11111111111111111111" rank="10K" rating="992" ratingOrigin="EGF : 992" registeringStatus="FIN" smmsCorrection="0"/>
<Player agaExpirationDate="" agaId="" club="Toru" country="PL" egfPin="19537210" ffgLicence="" ffgLicenceStatus="" firstName="Kamil" grade="12K" name="Lewan" participating="11111111111111111111" rank="12K" rating="876" ratingOrigin="EGF : 876" registeringStatus="FIN" smmsCorrection="0"/>
<Player agaExpirationDate="" agaId="" club="Krak" country="PL" egfPin="18374048" ffgLicence="" ffgLicenceStatus="" firstName="Marcel" grade="7K" name="Mroczek" participating="11111111111111111111" rank="7K" rating="1113" ratingOrigin="EGF : 1113" registeringStatus="FIN" smmsCorrection="0"/>
<Player agaExpirationDate="" agaId="" club="Pozn" country="PL" egfPin="18737928" ffgLicence="" ffgLicenceStatus="" firstName="Tymoteusz" grade=" 8K" name="Barcicki" participating="11111111111111111111" rank="8K" rating="1227" ratingOrigin="EGF : 1227" registeringStatus="FIN" smmsCorrection="0"/>
</Players>
<Games>
<Game blackPlayer="DZIEZYCMARCIN" handicap="0" knownColor="true" result="RESULT_BLACKWINS" roundNumber="1" tableNumber="1" whitePlayer="SZYCHOWIAKMARIANNA"/>
<Game blackPlayer="KOSZMARCIN" handicap="1" knownColor="true" result="RESULT_WHITEWINS" roundNumber="1" tableNumber="2" whitePlayer="LIBRONTDAWID"/>
<Game blackPlayer="DABROWSKIZYGMUNT" handicap="2" knownColor="true" result="RESULT_WHITEWINS" roundNumber="1" tableNumber="3" whitePlayer="SZYCHOWIAKWOJCIECH"/>
<Game blackPlayer="KWIETNIEWSKADARIA" handicap="1" knownColor="true" result="RESULT_WHITEWINS" roundNumber="1" tableNumber="4" whitePlayer="KUNEKMAREK"/>
<Game blackPlayer="MALKIEWICZCEZARY" handicap="1" knownColor="true" result="RESULT_WHITEWINS" roundNumber="1" tableNumber="5" whitePlayer="MROCZEKMARCEL"/>
<Game blackPlayer="NAROGKRZYSZTOF" handicap="1" knownColor="true" result="RESULT_BLACKWINS" roundNumber="1" tableNumber="6" whitePlayer="BARCICKITYMOTEUSZ"/>
<Game blackPlayer="MATEJEKPAWEL" handicap="0" knownColor="true" result="RESULT_WHITEWINS" roundNumber="1" tableNumber="7" whitePlayer="BARSZCZPAWEL"/>
<Game blackPlayer="LEWANKAMIL" handicap="0" knownColor="true" result="RESULT_BLACKWINS" roundNumber="1" tableNumber="8" whitePlayer="PIETRUCHASZYMON"/>
<Game blackPlayer="KLUZIAKMARIA" handicap="3" knownColor="true" result="RESULT_WHITEWINS" roundNumber="1" tableNumber="9" whitePlayer="GOLBAPAWEL"/>
<Game blackPlayer="LIBRONTDAWID" handicap="0" knownColor="true" result="RESULT_UNKNOWN" roundNumber="2" tableNumber="1" whitePlayer="DZIEZYCMARCIN"/>
<Game blackPlayer="ZARZECKIKAMIL" handicap="1" knownColor="true" result="RESULT_WHITEWINS" roundNumber="1" tableNumber="10" whitePlayer="SZAMROWICZPIOTR"/>
<Game blackPlayer="KUNEKMAREK" handicap="2" knownColor="true" result="RESULT_UNKNOWN" roundNumber="2" tableNumber="2" whitePlayer="SZYCHOWIAKWOJCIECH"/>
<Game blackPlayer="NAROGKRZYSZTOF" handicap="2" knownColor="true" result="RESULT_UNKNOWN" roundNumber="2" tableNumber="3" whitePlayer="MROCZEKMARCEL"/>
<Game blackPlayer="LEWANKAMIL" handicap="2" knownColor="true" result="RESULT_UNKNOWN" roundNumber="2" tableNumber="4" whitePlayer="BARSZCZPAWEL"/>
<Game blackPlayer="SZAMROWICZPIOTR" handicap="4" knownColor="true" result="RESULT_UNKNOWN" roundNumber="2" tableNumber="5" whitePlayer="GOLBAPAWEL"/>
<Game blackPlayer="CYRKLAFFPIOTR" handicap="7" knownColor="true" result="RESULT_UNKNOWN" roundNumber="2" tableNumber="6" whitePlayer="KLUZIAKMARIA"/>
<Game blackPlayer="KOSZMARCIN" handicap="1" knownColor="true" result="RESULT_UNKNOWN" roundNumber="2" tableNumber="7" whitePlayer="SZYCHOWIAKMARIANNA"/>
<Game blackPlayer="KWIETNIEWSKADARIA" handicap="1" knownColor="true" result="RESULT_UNKNOWN" roundNumber="2" tableNumber="8" whitePlayer="DABROWSKIZYGMUNT"/>
<Game blackPlayer="BARCICKITYMOTEUSZ" handicap="0" knownColor="true" result="RESULT_UNKNOWN" roundNumber="2" tableNumber="9" whitePlayer="MALKIEWICZCEZARY"/>
<Game blackPlayer="PIETRUCHASZYMON" handicap="2" knownColor="true" result="RESULT_UNKNOWN" roundNumber="2" tableNumber="10" whitePlayer="MATEJEKPAWEL"/>
</Games>
<ByePlayers>
<ByePlayer player="CYRKLAFFPIOTR" roundNumber="1"/>
<ByePlayer player="ZARZECKIKAMIL" roundNumber="2"/>
</ByePlayers>
<TournamentParameterSet>
<GeneralParameterSet bInternet="false" basicTime="40" beginDate="2020-09-01" canByoYomiTime="300" complementaryTimeSystem="STDBYOYOMI" director="Szychowiak" endDate="2020-09-30" fischerTime="10" genCountNotPlayedGamesAsHalfPoint="false" genMMBar="9D" genMMFloor="30K" genMMS2ValueAbsent="1" genMMS2ValueBye="2" genMMZero="30K" genNBW2ValueAbsent="0" genNBW2ValueBye="2" genRoundDownNBWMMS="true" komi="6.5" location="KGS" name="Puchar Pomorza i Kujaw na KGS" nbMovesCanTime="15" numberOfCategories="1" numberOfRounds="6" shortName="PPiK_20_09" size="19" stdByoYomiTime="90"/>
<HandicapParameterSet hdBasedOnMMS="false" hdCeiling="9" hdCorrection="0" hdNoHdRankThreshold="9D"/>
<PlacementParameterSet>
<PlacementCriteria>
<PlacementCriterion name="CAT" number="1"/>
<PlacementCriterion name="NBW" number="2"/>
<PlacementCriterion name="SOSW" number="3"/>
<PlacementCriterion name="SODOSW" number="4"/>
<PlacementCriterion name="NULL" number="5"/>
<PlacementCriterion name="NULL" number="6"/>
</PlacementCriteria>
</PlacementParameterSet>
<PairingParameterSet paiBaAvoidDuplGame="500000000000000" paiBaBalanceWB="1000000" paiBaDeterministic="true" paiBaRandom="0" paiMaAdditionalPlacementCritSystem1="Rating" paiMaAdditionalPlacementCritSystem2="NULL" paiMaAvoidMixingCategories="20000000000000" paiMaCompensateDUDD="true" paiMaDUDDLowerMode="MID" paiMaDUDDUpperMode="MID" paiMaDUDDWeight="100000000" paiMaLastRoundForSeedSystem1="2" paiMaMaximizeSeeding="5000000" paiMaMinimizeScoreDifference="100000000000" paiMaSeedSystem1="SPLITANDRANDOM" paiMaSeedSystem2="SPLITANDFOLD" paiSeAvoidSameGeo="20000000000000" paiSeBarThresholdActive="true" paiSeDefSecCrit="20000000000000" paiSeMinimizeHandicap="20000000000000" paiSeNbWinsThresholdActive="true" paiSePreferMMSDiffRatherThanSameClub="3" paiSePreferMMSDiffRatherThanSameCountry="1" paiSeRankThreshold="1D" paiStandardNX1Factor="0.5"/>
<DPParameterSet displayClCol="true" displayCoCol="true" displayIndGamesInMatches="true" displayNPPlayers="false" displayNumCol="true" displayPlCol="true" gameFormat="full" playerSortType="name" showByePlayer="true" showNotFinallyRegisteredPlayers="true" showNotPairedPlayers="true" showNotParticipatingPlayers="false" showPlayerClub="true" showPlayerCountry="false" showPlayerGrade="true"/>
<PublishParameterSet exportToLocalFile="true" htmlAutoScroll="false" print="true"/>
</TournamentParameterSet>
<TeamTournamentParameterSet>
<TeamGeneralParameterSet teamSize="4"/>
<TeamPlacementParameterSet>
<PlacementCriteria>
<PlacementCriterion name="TEAMP" number="1"/>
<PlacementCriterion name="BDW" number="2"/>
<PlacementCriterion name="BDW3U" number="3"/>
<PlacementCriterion name="BDW2U" number="4"/>
<PlacementCriterion name="BDW1U" number="5"/>
<PlacementCriterion name="MNR" number="6"/>
</PlacementCriteria>
</TeamPlacementParameterSet>
</TeamTournamentParameterSet>
</Tournament>
