<?xml version="1.0" encoding="UTF-8" standalone="no"?>
<Tournament dataVersion="201" externalIPAddress="77.128.107.78" fullVersionNumber="3.49.06" runningMode="SAL" saveDT="20200924104440">
<Players>
<Player agaExpirationDate="" agaId="" club="" country="" egfPin="" ffgLicence="" ffgLicenceStatus="" firstName="张志军" grade="5.3D" name="1587" participating="11011111111111111111" rank="30K" rating="2480" ratingOrigin="INI" registeringStatus="FIN" smmsCorrection="0"/>
<Player agaExpirationDate="" agaId="" club="" country="" egfPin="" ffgLicence="" ffgLicenceStatus="" firstName="李稼甜" grade="1.9D" name="1588" participating="11111111111111111111" rank="30K" rating="2146" ratingOrigin="INI" registeringStatus="FIN" smmsCorrection="0"/>
<Player agaExpirationDate="" agaId="" club="" country="" egfPin="" ffgLicence="" ffgLicenceStatus="" firstName="徐德珺" grade="7.0D" name="1591" participating="11111111111111111111" rank="30K" rating="2657" ratingOrigin="INI" registeringStatus="FIN" smmsCorrection="0"/>
<Player agaExpirationDate="" agaId="" club="" country="" egfPin="" ffgLicence="" ffgLicenceStatus="" firstName="陈春" grade="5.4D" name="1590" participating="11111111111111111111" rank="30K" rating="2494" ratingOrigin="INI" registeringStatus="FIN" smmsCorrection="0"/>
<Player agaExpirationDate="" agaId="" club="" country="" egfPin="" ffgLicence="" ffgLicenceStatus="" firstName="KOLA 可乐" grade="18.7K" name="1589" participating="11111111111111111111" rank="30K" rating="276" ratingOrigin="INI" registeringStatus="FIN" smmsCorrection="0"/>
</Players>
<Games>
<Game blackPlayer="1587张志军" handicap="0" knownColor="true" result="RESULT_BLACKWINS" roundNumber="1" tableNumber="1" whitePlayer="1588李稼甜"/>
<Game blackPlayer="1589KOLA可乐" handicap="0" knownColor="true" result="RESULT_UNKNOWN" roundNumber="3" tableNumber="1" whitePlayer="1591徐德珺"/>
<Game blackPlayer="1590陈春" handicap="0" knownColor="true" result="RESULT_WHITEWINS" roundNumber="1" tableNumber="2" whitePlayer="1589KOLA可乐"/>
<Game blackPlayer="1588李稼甜" handicap="0" knownColor="true" result="RESULT_UNKNOWN" roundNumber="3" tableNumber="2" whitePlayer="1590陈春"/>
<Game blackPlayer="1591徐德珺" handicap="0" knownColor="true" result="RESULT_UNKNOWN" roundNumber="2" tableNumber="1" whitePlayer="1587张志军"/>
<Game blackPlayer="1589KOLA可乐" handicap="0" knownColor="true" result="RESULT_UNKNOWN" roundNumber="2" tableNumber="2" whitePlayer="1588李稼甜"/>
</Games>
<ByePlayers>
<ByePlayer player="1591徐德珺" roundNumber="1"/>
<ByePlayer player="1590陈春" roundNumber="2"/>
</ByePlayers>
<TournamentParameterSet>
<GeneralParameterSet bInternet="false" basicTime="60" beginDate="2020-09-22" canByoYomiTime="300" complementaryTimeSystem="STDBYOYOMI" director="Director name" endDate="2020-09-22" fischerTime="10" genCountNotPlayedGamesAsHalfPoint="false" genMMBar="4D" genMMFloor="20K" genMMS2ValueAbsent="1" genMMS2ValueBye="2" genMMZero="30K" genNBW2ValueAbsent="0" genNBW2ValueBye="2" genRoundDownNBWMMS="true" komi="7.5" location="Location name" name="Tournament name" nbMovesCanTime="15" numberOfCategories="1" numberOfRounds="5" shortName="tournamentshortname_round3" size="19" stdByoYomiTime="30"/>
<HandicapParameterSet hdBasedOnMMS="true" hdCeiling="9" hdCorrection="1" hdNoHdRankThreshold="1D"/>
<PlacementParameterSet>
<PlacementCriteria>
<PlacementCriterion name="MMS" number="1"/>
<PlacementCriterion name="SOSM" number="2"/>
<PlacementCriterion name="SOSOSM" number="3"/>
<PlacementCriterion name="NULL" number="4"/>
<PlacementCriterion name="NULL" number="5"/>
<PlacementCriterion name="NULL" number="6"/>
</PlacementCriteria>
</PlacementParameterSet>
<PairingParameterSet paiBaAvoidDuplGame="500000000000000" paiBaBalanceWB="1000000" paiBaDeterministic="true" paiBaRandom="0" paiMaAdditionalPlacementCritSystem1="Rating" paiMaAdditionalPlacementCritSystem2="NULL" paiMaAvoidMixingCategories="0" paiMaCompensateDUDD="true" paiMaDUDDLowerMode="MID" paiMaDUDDUpperMode="MID" paiMaDUDDWeight="100000000" paiMaLastRoundForSeedSystem1="2" paiMaMaximizeSeeding="5000000" paiMaMinimizeScoreDifference="100000000000" paiMaSeedSystem1="SPLITANDRANDOM" paiMaSeedSystem2="SPLITANDSLIP" paiSeAvoidSameGeo="100000000000" paiSeBarThresholdActive="true" paiSeDefSecCrit="100000000000" paiSeMinimizeHandicap="0" paiSeNbWinsThresholdActive="false" paiSePreferMMSDiffRatherThanSameClub="3" paiSePreferMMSDiffRatherThanSameCountry="1" paiSeRankThreshold="1D" paiStandardNX1Factor="0.5"/>
<DPParameterSet displayClCol="true" displayCoCol="true" displayIndGamesInMatches="true" displayNPPlayers="false" displayNumCol="true" displayPlCol="true" gameFormat="full" playerSortType="name" showByePlayer="true" showNotFinallyRegisteredPlayers="true" showNotPairedPlayers="true" showNotParticipatingPlayers="false" showPlayerClub="true" showPlayerCountry="false" showPlayerGrade="true"/>
<PublishParameterSet exportToLocalFile="true" htmlAutoScroll="false" print="true"/>
</TournamentParameterSet>
<TeamTournamentParameterSet>
<TeamGeneralParameterSet teamSize="4"/>
<TeamPlacementParameterSet>
<PlacementCriteria>
<PlacementCriterion name="TEAMP" number="1"/>
<PlacementCriterion name="BDW" number="2"/>
<PlacementCriterion name="BDW3U" number="3"/>
<PlacementCriterion name="BDW2U" number="4"/>
<PlacementCriterion name="BDW1U" number="5"/>
<PlacementCriterion name="MNR" number="6"/>
</PlacementCriteria>
</TeamPlacementParameterSet>
</TeamTournamentParameterSet>
</Tournament>
