<?xml version="1.0" encoding="UTF-8" standalone="no"?>
<Tournament dataVersion="201" externalIPAddress="77.128.107.78" fullVersionNumber="3.49.04" runningMode="SAL" saveDT="20200831104702">
<Players>
<Player agaExpirationDate="" agaId="" club="" country="" egfPin="" ffgLicence="" ffgLicenceStatus="" firstName="D" grade="10K" name="Dragomir" participating="11111111111111111111" rank="10K" rating="1100" ratingOrigin="INI" registeringStatus="FIN" smmsCorrection="0"/>
<Player agaExpirationDate="" agaId="" club="" country="" egfPin="" ffgLicence="" ffgLicenceStatus="" firstName="D" grade="7K" name="Dariatka" participating="11111111111111111111" rank="7K" rating="1400" ratingOrigin="INI" registeringStatus="FIN" smmsCorrection="0"/>
<Player agaExpirationDate="" agaId="" club="" country="" egfPin="" ffgLicence="" ffgLicenceStatus="" firstName="C" grade="9K" name="Czerminiak" participating="11111111111111111111" rank="9K" rating="1200" ratingOrigin="INI" registeringStatus="FIN" smmsCorrection="0"/>
<Player agaExpirationDate="" agaId="" club="" country="" egfPin="" ffgLicence="" ffgLicenceStatus="" firstName="S" grade="6K" name="Sigm" participating="11111111111111111111" rank="6K" rating="1500" ratingOrigin="INI" registeringStatus="FIN" smmsCorrection="0"/>
<Player agaExpirationDate="" agaId="" club="" country="" egfPin="" ffgLicence="" ffgLicenceStatus="" firstName="D" grade="10K" name="Daiki0" participating="11111111111111111111" rank="10K" rating="1100" ratingOrigin="INI" registeringStatus="FIN" smmsCorrection="0"/>
<Player agaExpirationDate="" agaId="" club="" country="" egfPin="" ffgLicence="" ffgLicenceStatus="" firstName="P" grade="23K" name="Picyr" participating="11111111111111111111" rank="23K" rating="-200" ratingOrigin="INI" registeringStatus="FIN" smmsCorrection="0"/>
<Player agaExpirationDate="" agaId="" club="" country="" egfPin="" ffgLicence="" ffgLicenceStatus="" firstName="S" grade="12K" name="Szymekk" participating="11111111111111111111" rank="12K" rating="900" ratingOrigin="INI" registeringStatus="FIN" smmsCorrection="0"/>
<Player agaExpirationDate="" agaId="" club="" country="" egfPin="" ffgLicence="" ffgLicenceStatus="" firstName="K" grade="6K" name="Kyouken" participating="11111111111111111111" rank="6K" rating="1500" ratingOrigin="INI" registeringStatus="FIN" smmsCorrection="0"/>
<Player agaExpirationDate="" agaId="" club="" country="" egfPin="" ffgLicence="" ffgLicenceStatus="" firstName="W" grade="4K" name="Woj" participating="11111111111111111111" rank="4K" rating="1700" ratingOrigin="INI" registeringStatus="FIN" smmsCorrection="0"/>
<Player agaExpirationDate="" agaId="" club="" country="" egfPin="" ffgLicence="" ffgLicenceStatus="" firstName="Y" grade="3K" name="Yakcyll" participating="11111111111111111111" rank="3K" rating="1800" ratingOrigin="INI" registeringStatus="FIN" smmsCorrection="0"/>
<Player agaExpirationDate="" agaId="" club="" country="" egfPin="" ffgLicence="" ffgLicenceStatus="" firstName="U" grade="13K" name="Urtok" participating="11111111111111111111" rank="13K" rating="800" ratingOrigin="INI" registeringStatus="FIN" smmsCorrection="0"/>
<Player agaExpirationDate="" agaId="" club="" country="" egfPin="" ffgLicence="" ffgLicenceStatus="" firstName="S" grade="8K" name="Szkielet" participating="11111111111111111111" rank="8K" rating="1300" ratingOrigin="INI" registeringStatus="FIN" smmsCorrection="0"/>
<Player agaExpirationDate="" agaId="" club="" country="" egfPin="" ffgLicence="" ffgLicenceStatus="" firstName="A" grade="8K" name="Arnoldm" participating="11111111111111111111" rank="8K" rating="1300" ratingOrigin="INI" registeringStatus="FIN" smmsCorrection="0"/>
<Player agaExpirationDate="" agaId="" club="" country="" egfPin="" ffgLicence="" ffgLicenceStatus="" firstName="M" grade="3K" name="Mariannna" participating="11111111111111111111" rank="3K" rating="1800" ratingOrigin="MAN" registeringStatus="FIN" smmsCorrection="0"/>
<Player agaExpirationDate="" agaId="" club="" country="" egfPin="" ffgLicence="" ffgLicenceStatus="" firstName="A" grade="4K" name="Aaali" participating="11111111111111111111" rank="4K" rating="1700" ratingOrigin="INI" registeringStatus="FIN" smmsCorrection="0"/>
</Players>
<Games>
<Game blackPlayer="WOJW" handicap="0" knownColor="true" result="RESULT_UNKNOWN" roundNumber="1" tableNumber="1" whitePlayer="AAALIA"/>
<Game blackPlayer="YAKCYLLY" handicap="0" knownColor="true" result="RESULT_UNKNOWN" roundNumber="1" tableNumber="2" whitePlayer="MARIANNNAM"/>
<Game blackPlayer="CZERMINIAKC" handicap="1" knownColor="true" result="RESULT_UNKNOWN" roundNumber="1" tableNumber="3" whitePlayer="ARNOLDMA"/>
<Game blackPlayer="DRAGOMIRD" handicap="0" knownColor="true" result="RESULT_UNKNOWN" roundNumber="1" tableNumber="4" whitePlayer="DAIKI0D"/>
<Game blackPlayer="SZKIELETS" handicap="1" knownColor="true" result="RESULT_UNKNOWN" roundNumber="1" tableNumber="5" whitePlayer="DARIATKAD"/>
<Game blackPlayer="SIGMS" handicap="0" knownColor="true" result="RESULT_UNKNOWN" roundNumber="1" tableNumber="6" whitePlayer="KYOUKENK"/>
<Game blackPlayer="URTOKU" handicap="1" knownColor="true" result="RESULT_UNKNOWN" roundNumber="1" tableNumber="7" whitePlayer="SZYMEKKS"/>
</Games>
<ByePlayers>
<ByePlayer player="PICYRP" roundNumber="1"/>
</ByePlayers>
<TournamentParameterSet>
<GeneralParameterSet bInternet="false" basicTime="60" beginDate="2020-09-01" canByoYomiTime="300" complementaryTimeSystem="STDBYOYOMI" director="" endDate="2020-10-01" fischerTime="10" genCountNotPlayedGamesAsHalfPoint="false" genMMBar="9D" genMMFloor="30K" genMMS2ValueAbsent="1" genMMS2ValueBye="2" genMMZero="30K" genNBW2ValueAbsent="0" genNBW2ValueBye="2" genRoundDownNBWMMS="true" komi="7.5" location="KGS" name="Turniej Jako-Taki Nr 5" nbMovesCanTime="15" numberOfCategories="3" numberOfRounds="6" shortName="Turniej_Jako-Taki_5" size="19" stdByoYomiTime="30">
<Categories>
<Category lowerLimit="1D" number="1"/>
<Category lowerLimit="5K" number="2"/>
</Categories>
</GeneralParameterSet>
<HandicapParameterSet hdBasedOnMMS="false" hdCeiling="9" hdCorrection="0" hdNoHdRankThreshold="9D"/>
<PlacementParameterSet>
<PlacementCriteria>
<PlacementCriterion name="CAT" number="1"/>
<PlacementCriterion name="NBW" number="2"/>
<PlacementCriterion name="SOSW" number="3"/>
<PlacementCriterion name="SODOSM" number="4"/>
<PlacementCriterion name="NULL" number="5"/>
<PlacementCriterion name="NULL" number="6"/>
</PlacementCriteria>
</PlacementParameterSet>
<PairingParameterSet paiBaAvoidDuplGame="500000000000000" paiBaBalanceWB="1000000" paiBaDeterministic="true" paiBaRandom="0" paiMaAdditionalPlacementCritSystem1="Rating" paiMaAdditionalPlacementCritSystem2="NULL" paiMaAvoidMixingCategories="20000000000000" paiMaCompensateDUDD="true" paiMaDUDDLowerMode="MID" paiMaDUDDUpperMode="MID" paiMaDUDDWeight="100000000" paiMaLastRoundForSeedSystem1="2" paiMaMaximizeSeeding="5000000" paiMaMinimizeScoreDifference="100000000000" paiMaSeedSystem1="SPLITANDRANDOM" paiMaSeedSystem2="SPLITANDFOLD" paiSeAvoidSameGeo="20000000000000" paiSeBarThresholdActive="true" paiSeDefSecCrit="20000000000000" paiSeMinimizeHandicap="20000000000000" paiSeNbWinsThresholdActive="true" paiSePreferMMSDiffRatherThanSameClub="3" paiSePreferMMSDiffRatherThanSameCountry="1" paiSeRankThreshold="1D" paiStandardNX1Factor="0.5"/>
<DPParameterSet displayClCol="true" displayCoCol="true" displayIndGamesInMatches="true" displayNPPlayers="false" displayNumCol="true" displayPlCol="true" gameFormat="full" playerSortType="name" showByePlayer="true" showNotFinallyRegisteredPlayers="true" showNotPairedPlayers="true" showNotParticipatingPlayers="false" showPlayerClub="true" showPlayerCountry="false" showPlayerGrade="true"/>
<PublishParameterSet exportToLocalFile="true" htmlAutoScroll="false" print="true"/>
</TournamentParameterSet>
<TeamTournamentParameterSet>
<TeamGeneralParameterSet teamSize="4"/>
<TeamPlacementParameterSet>
<PlacementCriteria>
<PlacementCriterion name="TEAMP" number="1"/>
<PlacementCriterion name="BDW" number="2"/>
<PlacementCriterion name="BDW3U" number="3"/>
<PlacementCriterion name="BDW2U" number="4"/>
<PlacementCriterion name="BDW1U" number="5"/>
<PlacementCriterion name="MNR" number="6"/>
</PlacementCriteria>
</TeamPlacementParameterSet>
</TeamTournamentParameterSet>
</Tournament>
