<?xml version="1.0" encoding="UTF-8" standalone="no"?>
<Tournament dataVersion="201" externalIPAddress="77.128.107.78" fullVersionNumber="3.49.05" runningMode="SAL" saveDT="20200907181444">
<Players/>
<Games/>
<TournamentParameterSet>
<GeneralParameterSet bInternet="false" basicTime="60" beginDate="2020-09-07" canByoYomiTime="300" complementaryTimeSystem="CANBYOYOMI" director="" endDate="2020-09-07" fischerTime="10" genCountNotPlayedGamesAsHalfPoint="false" genMMBar="1D" genMMFloor="1D" genMMS2ValueAbsent="1" genMMS2ValueBye="2" genMMZero="1D" genNBW2ValueAbsent="0" genNBW2ValueBye="2" genRoundDownNBWMMS="true" komi="7.5" location="" name="Undefined" nbMovesCanTime="15" numberOfCategories="1" numberOfRounds="5" shortName="Undefined" size="19" stdByoYomiTime="30"/>
<HandicapParameterSet hdBasedOnMMS="true" hdCeiling="0" hdCorrection="1" hdNoHdRankThreshold="1D"/>
<PlacementParameterSet>
<PlacementCriteria>
<PlacementCriterion name="NULL" number="1"/>
<PlacementCriterion name="NULL" number="2"/>
<PlacementCriterion name="NULL" number="3"/>
<PlacementCriterion name="NULL" number="4"/>
<PlacementCriterion name="NULL" number="5"/>
<PlacementCriterion name="NULL" number="6"/>
</PlacementCriteria>
</PlacementParameterSet>
<PairingParameterSet paiBaAvoidDuplGame="500000000000000" paiBaBalanceWB="1000000" paiBaDeterministic="true" paiBaRandom="0" paiMaAdditionalPlacementCritSystem1="Rating" paiMaAdditionalPlacementCritSystem2="NULL" paiMaAvoidMixingCategories="20000000000000" paiMaCompensateDUDD="true" paiMaDUDDLowerMode="MID" paiMaDUDDUpperMode="MID" paiMaDUDDWeight="100000000" paiMaLastRoundForSeedSystem1="2" paiMaMaximizeSeeding="5000000" paiMaMinimizeScoreDifference="100000000000" paiMaSeedSystem1="SPLITANDRANDOM" paiMaSeedSystem2="SPLITANDFOLD" paiSeAvoidSameGeo="0" paiSeBarThresholdActive="true" paiSeDefSecCrit="0" paiSeMinimizeHandicap="0" paiSeNbWinsThresholdActive="true" paiSePreferMMSDiffRatherThanSameClub="0" paiSePreferMMSDiffRatherThanSameCountry="0" paiSeRankThreshold="1D" paiStandardNX1Factor="0.5"/>
<DPParameterSet displayClCol="true" displayCoCol="true" displayIndGamesInMatches="true" displayNPPlayers="false" displayNumCol="true" displayPlCol="true" gameFormat="full" playerSortType="name" showByePlayer="true" showNotFinallyRegisteredPlayers="true" showNotPairedPlayers="true" showNotParticipatingPlayers="false" showPlayerClub="true" showPlayerCountry="false" showPlayerGrade="true"/>
<PublishParameterSet exportToLocalFile="true" htmlAutoScroll="false" print="true"/>
</TournamentParameterSet>
<TeamTournamentParameterSet>
<TeamGeneralParameterSet teamSize="4"/>
<TeamPlacementParameterSet>
<PlacementCriteria>
<PlacementCriterion name="NULL" number="1"/>
<PlacementCriterion name="NULL" number="2"/>
<PlacementCriterion name="NULL" number="3"/>
<PlacementCriterion name="NULL" number="4"/>
<PlacementCriterion name="NULL" number="5"/>
<PlacementCriterion name="NULL" number="6"/>
</PlacementCriteria>
</TeamPlacementParameterSet>
</TeamTournamentParameterSet>
</Tournament>
