<?xml version="1.0" encoding="UTF-8" standalone="no"?>
<Tournament dataVersion="201" gothaMinorVersion="3" gothaVersion="346">
<Players>
<Player agaExpirationDate="" agaId="" club="56Lo" country="FR" egfPin="" ffgLicence="0534001" ffgLicenceStatus="L" firstName="Maël" grade="1D" name="Rabasse" participating="11111111111111111111" rank="1D" rating="2128" ratingOrigin="FFG : 78" registeringStatus="FIN" smmsCorrection="0"/>
<Player agaExpirationDate="" agaId="" club="75Al" country="FR" egfPin="" ffgLicence="1100316" ffgLicenceStatus="L" firstName="Louis" grade="3D" name="Dumont" participating="11111111111111111111" rank="3D" rating="2313" ratingOrigin="FFG : 263" registeringStatus="FIN" smmsCorrection="0"/>
<Player agaExpirationDate="" agaId="" club="38Gr" country="FR" egfPin="" ffgLicence="0513005" ffgLicenceStatus="L" firstName="Jean_Loup" grade="4D" name="Naddef" participating="11111111111111111111" rank="4D" rating="2366" ratingOrigin="FFG : 316" registeringStatus="FIN" smmsCorrection="0"/>
<Player agaExpirationDate="" agaId="" club="69Ly" country="FR" egfPin="" ffgLicence="1200201" ffgLicenceStatus="L" firstName="Florent" grade="5D" name="Labouret" participating="11111111111111111111" rank="5D" rating="2486" ratingOrigin="FFG : 436" registeringStatus="FIN" smmsCorrection="0"/>
<Player agaExpirationDate="" agaId="" club="13Ma" country="FR" egfPin="" ffgLicence="0900397" ffgLicenceStatus="L" firstName="César" grade="3D" name="Lextrait" participating="11111111111111111111" rank="3D" rating="2306" ratingOrigin="FFG : 256" registeringStatus="FIN" smmsCorrection="0"/>
<Player agaExpirationDate="" agaId="" club="93Mo" country="FR" egfPin="" ffgLicence="0700219" ffgLicenceStatus="L" firstName="Valérian" grade="3D" name="Bouëtté" participating="11111111111111111111" rank="3D" rating="2309" ratingOrigin="FFG : 259" registeringStatus="FIN" smmsCorrection="0"/>
<Player agaExpirationDate="" agaId="" club="38Gr" country="FR" egfPin="" ffgLicence="9927106" ffgLicenceStatus="L" firstName="Baptiste" grade="4D" name="Noir" participating="11111111111111111111" rank="4D" rating="2370" ratingOrigin="FFG : 320" registeringStatus="FIN" smmsCorrection="0"/>
<Player agaExpirationDate="" agaId="" club="64Ba" country="FR" egfPin="" ffgLicence="0700043" ffgLicenceStatus="L" firstName="Xavier" grade="1D" name="Richard" participating="11111111111111111111" rank="1D" rating="2136" ratingOrigin="FFG : 86" registeringStatus="FIN" smmsCorrection="0"/>
<Player agaExpirationDate="" agaId="" club="75Ju" country="FR" egfPin="" ffgLicence="0800298" ffgLicenceStatus="L" firstName="Manuel" grade="3D" name="Frangi" participating="11111111111111111111" rank="3D" rating="2299" ratingOrigin="FFG : 249" registeringStatus="FIN" smmsCorrection="0"/>
<Player agaExpirationDate="" agaId="" club="75Al" country="FR" egfPin="" ffgLicence="0514106" ffgLicenceStatus="L" firstName="Fabien" grade="4D" name="Lips" participating="11111111111111111111" rank="4D" rating="2391" ratingOrigin="FFG : 341" registeringStatus="FIN" smmsCorrection="0"/>
<Player agaExpirationDate="" agaId="" club="34Mo" country="FR" egfPin="" ffgLicence="1100391" ffgLicenceStatus="L" firstName="Rémi" grade="5D" name="Campagnie" participating="11111111111111111111" rank="6D" rating="2536" ratingOrigin="FFG : 486" registeringStatus="FIN" smmsCorrection="0"/>
<Player agaExpirationDate="" agaId="" club="69Ly" country="FR" egfPin="" ffgLicence="0900457" ffgLicenceStatus="L" firstName="Vincent" grade="2D" name="Godivier" participating="11111111111111111111" rank="2D" rating="2290" ratingOrigin="FFG : 240" registeringStatus="FIN" smmsCorrection="0"/>
<Player agaExpirationDate="" agaId="" club="38Gr" country="FR" egfPin="" ffgLicence="9791002" ffgLicenceStatus="L" firstName="Toru" grade="3D" name="Imamura-Cornuejols" participating="11111111111111111111" rank="3D" rating="2349" ratingOrigin="FFG : 299" registeringStatus="FIN" smmsCorrection="0"/>
<Player agaExpirationDate="" agaId="" club="79Ni" country="FR" egfPin="" ffgLicence="1200238" ffgLicenceStatus="L" firstName="Maxence" grade="2D" name="Lothe" participating="11111111111111111111" rank="2D" rating="2223" ratingOrigin="FFG : 173" registeringStatus="FIN" smmsCorrection="0"/>
<Player agaExpirationDate="" agaId="" club="38Gr" country="FR" egfPin="" ffgLicence="0900438" ffgLicenceStatus="L" firstName="Denis" grade="5D" name="Karadaban" participating="11111111111111111111" rank="5D" rating="2496" ratingOrigin="FFG : 446" registeringStatus="FIN" smmsCorrection="0"/>
<Player agaExpirationDate="" agaId="" club="63Ce" country="FR" egfPin="" ffgLicence="1800061" ffgLicenceStatus="L" firstName="Camille" grade="6K" name="Leveque" participating="00000111111111111111" rank="6K" rating="1480" ratingOrigin="FFG : -570" registeringStatus="FIN" smmsCorrection="0"/>
<Player agaExpirationDate="" agaId="" club="91Or" country="FR" egfPin="" ffgLicence="0800177" ffgLicenceStatus="L" firstName="Cédric" grade="1K" name="Neveu" participating="11111111111111111111" rank="1K" rating="2039" ratingOrigin="FFG : -11" registeringStatus="FIN" smmsCorrection="0"/>
<Player agaExpirationDate="" agaId="" club="35Re" country="FR" egfPin="" ffgLicence="1100085" ffgLicenceStatus="L" firstName="Alban" grade="4D" name="Granger" participating="11111111111111111111" rank="4D" rating="2399" ratingOrigin="FFG : 349" registeringStatus="FIN" smmsCorrection="0"/>
<Player agaExpirationDate="" agaId="" club="76Ro" country="FR" egfPin="" ffgLicence="0552021" ffgLicenceStatus="L" firstName="Antoine" grade="2K" name="Denazelle" participating="11111111111111111111" rank="2K" rating="1929" ratingOrigin="FFG : -121" registeringStatus="FIN" smmsCorrection="0"/>
<Player agaExpirationDate="" agaId="" club="69Ly" country="FR" egfPin="" ffgLicence="0614107" ffgLicenceStatus="L" firstName="Denis" grade="1D" name="Kuperberg" participating="11111000000000000000" rank="1D" rating="2078" ratingOrigin="FFG : 28" registeringStatus="FIN" smmsCorrection="0"/>
<Player agaExpirationDate="" agaId="" club="75Ju" country="FR" egfPin="" ffgLicence="0800178" ffgLicenceStatus="L" firstName="Benjamin" grade="4D" name="Blanchard" participating="11111111111111111111" rank="4D" rating="2394" ratingOrigin="FFG : 344" registeringStatus="FIN" smmsCorrection="0"/>
<Player agaExpirationDate="" agaId="" club="38Gr" country="FR" egfPin="" ffgLicence="1700231" ffgLicenceStatus="L" firstName="Chimin" grade="7D" name="Oh" participating="11111111111111111111" rank="7D" rating="2747" ratingOrigin="FFG : 697" registeringStatus="FIN" smmsCorrection="0"/>
<Player agaExpirationDate="" agaId="" club="13Ma" country="FR" egfPin="" ffgLicence="0900460" ffgLicenceStatus="L" firstName="Florent" grade="3D" name="Rioland" participating="11111111111111111111" rank="3D" rating="2310" ratingOrigin="FFG : 260" registeringStatus="FIN" smmsCorrection="0"/>
<Player agaExpirationDate="" agaId="" club="35Re" country="FR" egfPin="" ffgLicence="1000272" ffgLicenceStatus="L" firstName="Andy" grade="4K" name="Floch" participating="11111111111111111111" rank="4K" rating="1751" ratingOrigin="FFG : -299" registeringStatus="FIN" smmsCorrection="0"/>
<Player agaExpirationDate="" agaId="" club="69Ly" country="FR" egfPin="" ffgLicence="0800145" ffgLicenceStatus="L" firstName="Robin" grade="3D" name="Chauvin" participating="11111111111111111111" rank="3D" rating="2302" ratingOrigin="FFG : 252" registeringStatus="FIN" smmsCorrection="0"/>
<Player agaExpirationDate="" agaId="" club="38Gr" country="FR" egfPin="" ffgLicence="0634001" ffgLicenceStatus="L" firstName="Mathieu" grade="4D" name="Delli-Zotti" participating="11111111111111111111" rank="4D" rating="2345" ratingOrigin="FFG : 295" registeringStatus="FIN" smmsCorrection="0"/>
<Player agaExpirationDate="" agaId="" club="92An" country="FR" egfPin="" ffgLicence="1600067" ffgLicenceStatus="L" firstName="Linh_Vu" grade="3D" name="Tu" participating="11111111111111111111" rank="3D" rating="2245" ratingOrigin="FFG : 195" registeringStatus="FIN" smmsCorrection="0"/>
<Player agaExpirationDate="" agaId="" club="33Bo" country="FR" egfPin="" ffgLicence="1100011" ffgLicenceStatus="L" firstName="Solal" grade="3D" name="Zemor" participating="11111111111111111111" rank="3D" rating="2312" ratingOrigin="FFG : 262" registeringStatus="FIN" smmsCorrection="0"/>
<Player agaExpirationDate="" agaId="" club="44Na" country="FR" egfPin="" ffgLicence="0700460" ffgLicenceStatus="L" firstName="Tanguy" grade="6D" name="le_Calvé" participating="11111111111111111111" rank="6D" rating="2613" ratingOrigin="FFG : 563" registeringStatus="FIN" smmsCorrection="0"/>
<Player agaExpirationDate="" agaId="" club="35Re" country="FR" egfPin="" ffgLicence="9643011" ffgLicenceStatus="L" firstName="Rémi" grade="2D" name="Vannier" participating="11111111111111111111" rank="2D" rating="2232" ratingOrigin="FFG : 182" registeringStatus="FIN" smmsCorrection="0"/>
<Player agaExpirationDate="" agaId="" club="42Se" country="FR" egfPin="" ffgLicence="8590600" ffgLicenceStatus="L" firstName="Jean-Paul" grade="3K" name="Gaschignard" participating="11111111111111111111" rank="3K" rating="1756" ratingOrigin="FFG : -294" registeringStatus="FIN" smmsCorrection="0"/>
</Players>
<Games>
<Game blackPlayer="OHCHIMIN" handicap="0" knownColor="true" result="RESULT_BLACKWINS" roundNumber="1" tableNumber="1" whitePlayer="BOUËTTÉVALÉRIAN"/>
<Game blackPlayer="LEXTRAITCÉSAR" handicap="0" knownColor="true" result="RESULT_WHITEWINS" roundNumber="1" tableNumber="2" whitePlayer="LE_CALVÉTANGUY"/>
<Game blackPlayer="CHAUVINROBIN" handicap="0" knownColor="true" result="RESULT_WHITEWINS" roundNumber="1" tableNumber="3" whitePlayer="CAMPAGNIERÉMI"/>
<Game blackPlayer="FRANGIMANUEL" handicap="0" knownColor="true" result="RESULT_WHITEWINS" roundNumber="1" tableNumber="4" whitePlayer="KARADABANDENIS"/>
<Game blackPlayer="GODIVIERVINCENT" handicap="0" knownColor="true" result="RESULT_WHITEWINS" roundNumber="1" tableNumber="5" whitePlayer="LABOURETFLORENT"/>
<Game blackPlayer="TULINH_VU" handicap="0" knownColor="true" result="RESULT_WHITEWINS" roundNumber="1" tableNumber="6" whitePlayer="GRANGERALBAN"/>
<Game blackPlayer="VANNIERRÉMI" handicap="0" knownColor="true" result="RESULT_WHITEWINS" roundNumber="1" tableNumber="7" whitePlayer="BLANCHARDBENJAMIN"/>
<Game blackPlayer="LIPSFABIEN" handicap="0" knownColor="true" result="RESULT_BLACKWINS" roundNumber="1" tableNumber="8" whitePlayer="LOTHEMAXENCE"/>
<Game blackPlayer="RICHARDXAVIER" handicap="0" knownColor="true" result="RESULT_WHITEWINS" roundNumber="1" tableNumber="9" whitePlayer="NOIRBAPTISTE"/>
<Game blackPlayer="NADDEFJEAN_LOUP" handicap="0" knownColor="true" result="RESULT_BLACKWINS" roundNumber="1" tableNumber="10" whitePlayer="RABASSEMAËL"/>
<Game blackPlayer="DELLI-ZOTTIMATHIEU" handicap="0" knownColor="true" result="RESULT_BLACKWINS" roundNumber="1" tableNumber="11" whitePlayer="NEVEUCÉDRIC"/>
<Game blackPlayer="IMAMURA-CORNUEJOLSTORU" handicap="0" knownColor="true" result="RESULT_BLACKWINS" roundNumber="1" tableNumber="12" whitePlayer="KUPERBERGDENIS"/>
<Game blackPlayer="DENAZELLEANTOINE" handicap="0" knownColor="true" result="RESULT_WHITEWINS" roundNumber="1" tableNumber="13" whitePlayer="DUMONTLOUIS"/>
<Game blackPlayer="GASCHIGNARDJEAN-PAUL" handicap="0" knownColor="true" result="RESULT_WHITEWINS" roundNumber="1" tableNumber="14" whitePlayer="ZEMORSOLAL"/>
<Game blackPlayer="FLOCHANDY" handicap="0" knownColor="true" result="RESULT_WHITEWINS" roundNumber="1" tableNumber="15" whitePlayer="RIOLANDFLORENT"/>
<Game blackPlayer="LABOURETFLORENT" handicap="0" knownColor="true" result="RESULT_WHITEWINS" roundNumber="7" tableNumber="1" whitePlayer="OHCHIMIN"/>
<Game blackPlayer="LE_CALVÉTANGUY" handicap="0" knownColor="true" result="RESULT_BLACKWINS" roundNumber="7" tableNumber="2" whitePlayer="CAMPAGNIERÉMI"/>
<Game blackPlayer="LIPSFABIEN" handicap="0" knownColor="true" result="RESULT_BLACKWINS" roundNumber="7" tableNumber="3" whitePlayer="KARADABANDENIS"/>
<Game blackPlayer="GRANGERALBAN" handicap="0" knownColor="true" result="RESULT_WHITEWINS" roundNumber="7" tableNumber="4" whitePlayer="NOIRBAPTISTE"/>
<Game blackPlayer="DELLI-ZOTTIMATHIEU" handicap="0" knownColor="true" result="RESULT_WHITEWINS" roundNumber="7" tableNumber="5" whitePlayer="NADDEFJEAN_LOUP"/>
<Game blackPlayer="ZEMORSOLAL" handicap="0" knownColor="true" result="RESULT_WHITEWINS" roundNumber="7" tableNumber="6" whitePlayer="BLANCHARDBENJAMIN"/>
<Game blackPlayer="RIOLANDFLORENT" handicap="0" knownColor="true" result="RESULT_WHITEWINS" roundNumber="7" tableNumber="7" whitePlayer="TULINH_VU"/>
<Game blackPlayer="IMAMURA-CORNUEJOLSTORU" handicap="0" knownColor="true" result="RESULT_BLACKWINS" roundNumber="7" tableNumber="8" whitePlayer="LEXTRAITCÉSAR"/>
<Game blackPlayer="LOTHEMAXENCE" handicap="0" knownColor="true" result="RESULT_BLACKWINS" roundNumber="7" tableNumber="9" whitePlayer="DUMONTLOUIS"/>
<Game blackPlayer="GODIVIERVINCENT" handicap="0" knownColor="true" result="RESULT_BLACKWINS" roundNumber="7" tableNumber="10" whitePlayer="CHAUVINROBIN"/>
<Game blackPlayer="BOUËTTÉVALÉRIAN" handicap="0" knownColor="true" result="RESULT_BLACKWINS" roundNumber="7" tableNumber="11" whitePlayer="FLOCHANDY"/>
<Game blackPlayer="RABASSEMAËL" handicap="0" knownColor="true" result="RESULT_WHITEWINS" roundNumber="7" tableNumber="12" whitePlayer="FRANGIMANUEL"/>
<Game blackPlayer="VANNIERRÉMI" handicap="0" knownColor="true" result="RESULT_BLACKWINS" roundNumber="7" tableNumber="13" whitePlayer="LEVEQUECAMILLE"/>
<Game blackPlayer="NEVEUCÉDRIC" handicap="0" knownColor="true" result="RESULT_WHITEWINS" roundNumber="7" tableNumber="14" whitePlayer="RICHARDXAVIER"/>
<Game blackPlayer="DENAZELLEANTOINE" handicap="0" knownColor="true" result="RESULT_BLACKWINS" roundNumber="7" tableNumber="15" whitePlayer="GASCHIGNARDJEAN-PAUL"/>
<Game blackPlayer="OHCHIMIN" handicap="0" knownColor="true" result="RESULT_WHITEWINS" roundNumber="6" tableNumber="1" whitePlayer="LE_CALVÉTANGUY"/>
<Game blackPlayer="CAMPAGNIERÉMI" handicap="0" knownColor="true" result="RESULT_BLACKWINS" roundNumber="6" tableNumber="2" whitePlayer="RIOLANDFLORENT"/>
<Game blackPlayer="NOIRBAPTISTE" handicap="0" knownColor="true" result="RESULT_WHITEWINS" roundNumber="6" tableNumber="3" whitePlayer="LABOURETFLORENT"/>
<Game blackPlayer="NADDEFJEAN_LOUP" handicap="0" knownColor="true" result="RESULT_BLACKWINS" roundNumber="6" tableNumber="4" whitePlayer="KARADABANDENIS"/>
<Game blackPlayer="BLANCHARDBENJAMIN" handicap="0" knownColor="true" result="RESULT_WHITEWINS" roundNumber="6" tableNumber="5" whitePlayer="GRANGERALBAN"/>
<Game blackPlayer="DELLI-ZOTTIMATHIEU" handicap="0" knownColor="true" result="RESULT_BLACKWINS" roundNumber="6" tableNumber="6" whitePlayer="GODIVIERVINCENT"/>
<Game blackPlayer="IMAMURA-CORNUEJOLSTORU" handicap="0" knownColor="true" result="RESULT_WHITEWINS" roundNumber="6" tableNumber="7" whitePlayer="LIPSFABIEN"/>
<Game blackPlayer="DUMONTLOUIS" handicap="0" knownColor="true" result="RESULT_WHITEWINS" roundNumber="6" tableNumber="8" whitePlayer="TULINH_VU"/>
<Game blackPlayer="ZEMORSOLAL" handicap="0" knownColor="true" result="RESULT_BLACKWINS" roundNumber="6" tableNumber="9" whitePlayer="BOUËTTÉVALÉRIAN"/>
<Game blackPlayer="FRANGIMANUEL" handicap="0" knownColor="true" result="RESULT_WHITEWINS" roundNumber="6" tableNumber="10" whitePlayer="LEXTRAITCÉSAR"/>
<Game blackPlayer="CHAUVINROBIN" handicap="0" knownColor="true" result="RESULT_BLACKWINS" roundNumber="6" tableNumber="11" whitePlayer="RABASSEMAËL"/>
<Game blackPlayer="RICHARDXAVIER" handicap="0" knownColor="true" result="RESULT_WHITEWINS" roundNumber="6" tableNumber="12" whitePlayer="LOTHEMAXENCE"/>
<Game blackPlayer="VANNIERRÉMI" handicap="0" knownColor="true" result="RESULT_BLACKWINS" roundNumber="6" tableNumber="13" whitePlayer="DENAZELLEANTOINE"/>
<Game blackPlayer="NEVEUCÉDRIC" handicap="0" knownColor="true" result="RESULT_BLACKWINS" roundNumber="6" tableNumber="14" whitePlayer="GASCHIGNARDJEAN-PAUL"/>
<Game blackPlayer="LEVEQUECAMILLE" handicap="0" knownColor="true" result="RESULT_BLACKWINS" roundNumber="6" tableNumber="15" whitePlayer="FLOCHANDY"/>
<Game blackPlayer="OHCHIMIN" handicap="0" knownColor="true" result="RESULT_BLACKWINS" roundNumber="5" tableNumber="1" whitePlayer="RIOLANDFLORENT"/>
<Game blackPlayer="KARADABANDENIS" handicap="0" knownColor="true" result="RESULT_WHITEWINS" roundNumber="5" tableNumber="2" whitePlayer="LE_CALVÉTANGUY"/>
<Game blackPlayer="DUMONTLOUIS" handicap="0" knownColor="true" result="RESULT_WHITEWINS" roundNumber="5" tableNumber="3" whitePlayer="CAMPAGNIERÉMI"/>
<Game blackPlayer="DELLI-ZOTTIMATHIEU" handicap="0" knownColor="true" result="RESULT_WHITEWINS" roundNumber="5" tableNumber="4" whitePlayer="LABOURETFLORENT"/>
<Game blackPlayer="TULINH_VU" handicap="0" knownColor="true" result="RESULT_WHITEWINS" roundNumber="5" tableNumber="5" whitePlayer="NOIRBAPTISTE"/>
<Game blackPlayer="GRANGERALBAN" handicap="0" knownColor="true" result="RESULT_BLACKWINS" roundNumber="5" tableNumber="6" whitePlayer="RABASSEMAËL"/>
<Game blackPlayer="LEXTRAITCÉSAR" handicap="0" knownColor="true" result="RESULT_WHITEWINS" roundNumber="5" tableNumber="7" whitePlayer="BLANCHARDBENJAMIN"/>
<Game blackPlayer="CHAUVINROBIN" handicap="0" knownColor="true" result="RESULT_WHITEWINS" roundNumber="5" tableNumber="8" whitePlayer="NADDEFJEAN_LOUP"/>
<Game blackPlayer="KUPERBERGDENIS" handicap="0" knownColor="true" result="RESULT_WHITEWINS" roundNumber="5" tableNumber="9" whitePlayer="LIPSFABIEN"/>
<Game blackPlayer="RICHARDXAVIER" handicap="0" knownColor="true" result="RESULT_WHITEWINS" roundNumber="5" tableNumber="10" whitePlayer="IMAMURA-CORNUEJOLSTORU"/>
<Game blackPlayer="GODIVIERVINCENT" handicap="0" knownColor="true" result="RESULT_BLACKWINS" roundNumber="5" tableNumber="11" whitePlayer="ZEMORSOLAL"/>
<Game blackPlayer="BOUËTTÉVALÉRIAN" handicap="0" knownColor="true" result="RESULT_BLACKWINS" roundNumber="5" tableNumber="12" whitePlayer="NEVEUCÉDRIC"/>
<Game blackPlayer="FRANGIMANUEL" handicap="0" knownColor="true" result="RESULT_BLACKWINS" roundNumber="5" tableNumber="13" whitePlayer="VANNIERRÉMI"/>
<Game blackPlayer="LOTHEMAXENCE" handicap="0" knownColor="true" result="RESULT_BLACKWINS" roundNumber="5" tableNumber="14" whitePlayer="GASCHIGNARDJEAN-PAUL"/>
<Game blackPlayer="FLOCHANDY" handicap="0" knownColor="true" result="RESULT_WHITEWINS" roundNumber="5" tableNumber="15" whitePlayer="DENAZELLEANTOINE"/>
<Game blackPlayer="NOIRBAPTISTE" handicap="0" knownColor="true" result="RESULT_WHITEWINS" roundNumber="4" tableNumber="1" whitePlayer="OHCHIMIN"/>
<Game blackPlayer="RIOLANDFLORENT" handicap="0" knownColor="true" result="RESULT_BLACKWINS" roundNumber="4" tableNumber="2" whitePlayer="DELLI-ZOTTIMATHIEU"/>
<Game blackPlayer="IMAMURA-CORNUEJOLSTORU" handicap="0" knownColor="true" result="RESULT_WHITEWINS" roundNumber="4" tableNumber="3" whitePlayer="LE_CALVÉTANGUY"/>
<Game blackPlayer="BLANCHARDBENJAMIN" handicap="0" knownColor="true" result="RESULT_WHITEWINS" roundNumber="4" tableNumber="4" whitePlayer="CAMPAGNIERÉMI"/>
<Game blackPlayer="LABOURETFLORENT" handicap="0" knownColor="true" result="RESULT_BLACKWINS" roundNumber="4" tableNumber="5" whitePlayer="NADDEFJEAN_LOUP"/>
<Game blackPlayer="GASCHIGNARDJEAN-PAUL" handicap="0" knownColor="true" result="RESULT_WHITEWINS" roundNumber="4" tableNumber="6" whitePlayer="KARADABANDENIS"/>
<Game blackPlayer="GRANGERALBAN" handicap="0" knownColor="true" result="RESULT_WHITEWINS" roundNumber="4" tableNumber="7" whitePlayer="DUMONTLOUIS"/>
<Game blackPlayer="GODIVIERVINCENT" handicap="0" knownColor="true" result="RESULT_BLACKWINS" roundNumber="4" tableNumber="8" whitePlayer="LIPSFABIEN"/>
<Game blackPlayer="ZEMORSOLAL" handicap="0" knownColor="true" result="RESULT_WHITEWINS" roundNumber="4" tableNumber="9" whitePlayer="TULINH_VU"/>
<Game blackPlayer="RABASSEMAËL" handicap="0" knownColor="true" result="RESULT_BLACKWINS" roundNumber="4" tableNumber="10" whitePlayer="BOUËTTÉVALÉRIAN"/>
<Game blackPlayer="LEXTRAITCÉSAR" handicap="0" knownColor="true" result="RESULT_BLACKWINS" roundNumber="4" tableNumber="11" whitePlayer="KUPERBERGDENIS"/>
<Game blackPlayer="LOTHEMAXENCE" handicap="0" knownColor="true" result="RESULT_WHITEWINS" roundNumber="4" tableNumber="12" whitePlayer="CHAUVINROBIN"/>
<Game blackPlayer="RICHARDXAVIER" handicap="0" knownColor="true" result="RESULT_BLACKWINS" roundNumber="4" tableNumber="13" whitePlayer="FRANGIMANUEL"/>
<Game blackPlayer="VANNIERRÉMI" handicap="0" knownColor="true" result="RESULT_BLACKWINS" roundNumber="4" tableNumber="14" whitePlayer="FLOCHANDY"/>
<Game blackPlayer="NEVEUCÉDRIC" handicap="0" knownColor="true" result="RESULT_BLACKWINS" roundNumber="4" tableNumber="15" whitePlayer="DENAZELLEANTOINE"/>
<Game blackPlayer="CAMPAGNIERÉMI" handicap="0" knownColor="true" result="RESULT_WHITEWINS" roundNumber="3" tableNumber="1" whitePlayer="OHCHIMIN"/>
<Game blackPlayer="LE_CALVÉTANGUY" handicap="0" knownColor="true" result="RESULT_WHITEWINS" roundNumber="3" tableNumber="2" whitePlayer="NOIRBAPTISTE"/>
<Game blackPlayer="LABOURETFLORENT" handicap="0" knownColor="true" result="RESULT_WHITEWINS" roundNumber="3" tableNumber="3" whitePlayer="RIOLANDFLORENT"/>
<Game blackPlayer="KARADABANDENIS" handicap="0" knownColor="true" result="RESULT_BLACKWINS" roundNumber="3" tableNumber="4" whitePlayer="LOTHEMAXENCE"/>
<Game blackPlayer="ZEMORSOLAL" handicap="0" knownColor="true" result="RESULT_WHITEWINS" roundNumber="3" tableNumber="5" whitePlayer="DELLI-ZOTTIMATHIEU"/>
<Game blackPlayer="FRANGIMANUEL" handicap="0" knownColor="true" result="RESULT_WHITEWINS" roundNumber="3" tableNumber="6" whitePlayer="GRANGERALBAN"/>
<Game blackPlayer="BLANCHARDBENJAMIN" handicap="0" knownColor="true" result="RESULT_BLACKWINS" roundNumber="3" tableNumber="7" whitePlayer="RICHARDXAVIER"/>
<Game blackPlayer="LIPSFABIEN" handicap="0" knownColor="true" result="RESULT_WHITEWINS" roundNumber="3" tableNumber="8" whitePlayer="TULINH_VU"/>
<Game blackPlayer="NADDEFJEAN_LOUP" handicap="0" knownColor="true" result="RESULT_BLACKWINS" roundNumber="3" tableNumber="9" whitePlayer="GODIVIERVINCENT"/>
<Game blackPlayer="CHAUVINROBIN" handicap="0" knownColor="true" result="RESULT_WHITEWINS" roundNumber="3" tableNumber="10" whitePlayer="IMAMURA-CORNUEJOLSTORU"/>
<Game blackPlayer="DUMONTLOUIS" handicap="0" knownColor="true" result="RESULT_BLACKWINS" roundNumber="3" tableNumber="11" whitePlayer="LEXTRAITCÉSAR"/>
<Game blackPlayer="BOUËTTÉVALÉRIAN" handicap="0" knownColor="true" result="RESULT_BLACKWINS" roundNumber="3" tableNumber="12" whitePlayer="DENAZELLEANTOINE"/>
<Game blackPlayer="KUPERBERGDENIS" handicap="0" knownColor="true" result="RESULT_BLACKWINS" roundNumber="3" tableNumber="13" whitePlayer="VANNIERRÉMI"/>
<Game blackPlayer="RABASSEMAËL" handicap="0" knownColor="true" result="RESULT_BLACKWINS" roundNumber="3" tableNumber="14" whitePlayer="NEVEUCÉDRIC"/>
<Game blackPlayer="FLOCHANDY" handicap="0" knownColor="true" result="RESULT_WHITEWINS" roundNumber="3" tableNumber="15" whitePlayer="GASCHIGNARDJEAN-PAUL"/>
<Game blackPlayer="BLANCHARDBENJAMIN" handicap="0" knownColor="true" result="RESULT_WHITEWINS" roundNumber="2" tableNumber="1" whitePlayer="OHCHIMIN"/>
<Game blackPlayer="LE_CALVÉTANGUY" handicap="0" knownColor="true" result="RESULT_BLACKWINS" roundNumber="2" tableNumber="2" whitePlayer="NADDEFJEAN_LOUP"/>
<Game blackPlayer="CAMPAGNIERÉMI" handicap="0" knownColor="true" result="RESULT_BLACKWINS" roundNumber="2" tableNumber="3" whitePlayer="IMAMURA-CORNUEJOLSTORU"/>
<Game blackPlayer="KARADABANDENIS" handicap="0" knownColor="true" result="RESULT_WHITEWINS" roundNumber="2" tableNumber="4" whitePlayer="DELLI-ZOTTIMATHIEU"/>
<Game blackPlayer="DUMONTLOUIS" handicap="0" knownColor="true" result="RESULT_WHITEWINS" roundNumber="2" tableNumber="5" whitePlayer="LABOURETFLORENT"/>
<Game blackPlayer="GRANGERALBAN" handicap="0" knownColor="true" result="RESULT_WHITEWINS" roundNumber="2" tableNumber="6" whitePlayer="ZEMORSOLAL"/>
<Game blackPlayer="RIOLANDFLORENT" handicap="0" knownColor="true" result="RESULT_BLACKWINS" roundNumber="2" tableNumber="7" whitePlayer="LIPSFABIEN"/>
<Game blackPlayer="NOIRBAPTISTE" handicap="0" knownColor="true" result="RESULT_BLACKWINS" roundNumber="2" tableNumber="8" whitePlayer="VANNIERRÉMI"/>
<Game blackPlayer="BOUËTTÉVALÉRIAN" handicap="0" knownColor="true" result="RESULT_WHITEWINS" roundNumber="2" tableNumber="9" whitePlayer="RICHARDXAVIER"/>
<Game blackPlayer="RABASSEMAËL" handicap="0" knownColor="true" result="RESULT_WHITEWINS" roundNumber="2" tableNumber="10" whitePlayer="LEXTRAITCÉSAR"/>
<Game blackPlayer="KUPERBERGDENIS" handicap="0" knownColor="true" result="RESULT_WHITEWINS" roundNumber="2" tableNumber="11" whitePlayer="CHAUVINROBIN"/>
<Game blackPlayer="NEVEUCÉDRIC" handicap="0" knownColor="true" result="RESULT_WHITEWINS" roundNumber="2" tableNumber="12" whitePlayer="FRANGIMANUEL"/>
<Game blackPlayer="TULINH_VU" handicap="0" knownColor="true" result="RESULT_BLACKWINS" roundNumber="2" tableNumber="13" whitePlayer="GASCHIGNARDJEAN-PAUL"/>
<Game blackPlayer="DENAZELLEANTOINE" handicap="0" knownColor="true" result="RESULT_WHITEWINS" roundNumber="2" tableNumber="14" whitePlayer="GODIVIERVINCENT"/>
<Game blackPlayer="LOTHEMAXENCE" handicap="0" knownColor="true" result="RESULT_BLACKWINS" roundNumber="2" tableNumber="15" whitePlayer="FLOCHANDY"/>
</Games>
<TournamentParameterSet>
<GeneralParameterSet basicTime="60" beginDate="2018-08-24" canByoYomiTime="300" complementaryTimeSystem="STDBYOYOMI" director="Luc Vannier" endDate="2018-08-26" fischerTime="10" genCountNotPlayedGamesAsHalfPoint="false" genMMBar="9D" genMMFloor="30K" genMMS2ValueAbsent="1" genMMS2ValueBye="2" genMMZero="30K" genNBW2ValueAbsent="0" genNBW2ValueBye="2" genRoundDownNBWMMS="true" komi="7.5" location="Balma" name="Championnat de France open 2018" nbMovesCanTime="15" numberOfCategories="1" numberOfRounds="7" shortName="open2018" size="19" stdByoYomiTime="30"/>
<HandicapParameterSet hdBasedOnMMS="false" hdCeiling="0" hdCorrection="0" hdNoHdRankThreshold="30K"/>
<PlacementParameterSet>
<PlacementCriteria>
<PlacementCriterion name="NBW" number="1"/>
<PlacementCriterion name="SOSW" number="2"/>
<PlacementCriterion name="SOSOSW" number="3"/>
<PlacementCriterion name="Rating" number="4"/>
<PlacementCriterion name="NULL" number="5"/>
<PlacementCriterion name="NULL" number="6"/>
</PlacementCriteria>
</PlacementParameterSet>
<PairingParameterSet paiBaAvoidDuplGame="500000000000000" paiBaBalanceWB="1000000" paiBaDeterministic="true" paiBaRandom="0" paiMaAdditionalPlacementCritSystem1="Rating" paiMaAdditionalPlacementCritSystem2="Rating" paiMaAvoidMixingCategories="0" paiMaCompensateDUDD="true" paiMaDUDDLowerMode="MID" paiMaDUDDUpperMode="MID" paiMaDUDDWeight="100000000" paiMaLastRoundForSeedSystem1="2" paiMaMaximizeSeeding="5000000" paiMaMinimizeScoreDifference="100000000000" paiMaSeedSystem1="SPLITANDSLIP" paiMaSeedSystem2="SPLITANDSLIP" paiSeAvoidSameGeo="0" paiSeBarThresholdActive="true" paiSeDefSecCrit="20000000000000" paiSeMinimizeHandicap="0" paiSeNbWinsThresholdActive="true" paiSePreferMMSDiffRatherThanSameClub="0" paiSePreferMMSDiffRatherThanSameClubsGroup="0" paiSePreferMMSDiffRatherThanSameCountry="0" paiSeRankThreshold="30K" paiStandardNX1Factor="0.5"/>
<DPParameterSet displayClCol="true" displayCoCol="true" displayIndGamesInMatches="true" displayNPPlayers="false" displayNumCol="true" displayPlCol="true" gameFormat="short" playerSortType="name" showByePlayer="true" showNotFinallyRegisteredPlayers="true" showNotPairedPlayers="true" showNotParticipatingPlayers="false" showPlayerClub="true" showPlayerCountry="false" showPlayerGrade="true"/>
<PublishParameterSet exportToLocalFile="true" htmlAutoScroll="false" print="true"/>
</TournamentParameterSet>
<TeamTournamentParameterSet>
<TeamGeneralParameterSet teamSize="4"/>
<TeamPlacementParameterSet>
<PlacementCriteria>
<PlacementCriterion name="TEAMP" number="1"/>
<PlacementCriterion name="BDW" number="2"/>
<PlacementCriterion name="BDW3U" number="3"/>
<PlacementCriterion name="BDW2U" number="4"/>
<PlacementCriterion name="BDW1U" number="5"/>
<PlacementCriterion name="MNR" number="6"/>
</PlacementCriteria>
</TeamPlacementParameterSet>
</TeamTournamentParameterSet>
</Tournament>
