<?xml version="1.0" encoding="UTF-8" standalone="no"?>
<Tournament dataVersion="201" externalIPAddress="77.128.107.78" fullVersionNumber="3.49.05" runningMode="SAL" saveDT="20200921154613">
<Players>
<Player agaExpirationDate="" agaId="" club="BN" country="DE" egfPin="15786287" ffgLicence="" ffgLicenceStatus="" firstName="Jonas" grade=" 6D" name="Welticke" participating="11111111111111111111" rank="6D" rating="2561" ratingOrigin="EGF : 2561" registeringStatus="FIN" smmsCorrection="0"/>
<Player agaExpirationDate="" agaId="" club="Pant" country="ES" egfPin="15633673" ffgLicence="" ffgLicenceStatus="" firstName="Oscar" grade=" 6D" name="Vazquez" participating="11111111111111111111" rank="6D" rating="2568" ratingOrigin="EGF : 2568" registeringStatus="FIN" smmsCorrection="0"/>
<Player agaExpirationDate="" agaId="" club="92An" country="FR" egfPin="17862130" ffgLicence="" ffgLicenceStatus="" firstName="Linh_Vu" grade=" 4D" name="Tu" participating="11111111111111111111" rank="4D" rating="2363" ratingOrigin="EGF : 2363" registeringStatus="FIN" smmsCorrection="0"/>
<Player agaExpirationDate="" agaId="" club="MGC" country="IL" egfPin="13625315" ffgLicence="" ffgLicenceStatus="" firstName="Amir" grade=" 6D" name="Fragman" participating="11111111111111111111" rank="6D" rating="2565" ratingOrigin="EGF : 2565" registeringStatus="FIN" smmsCorrection="0"/>
<Player agaExpirationDate="" agaId="" club="75Ju" country="BE" egfPin="14898301" ffgLicence="" ffgLicenceStatus="" firstName="Lucas" grade=" 5D" name="Neirynck" participating="11111111111111111111" rank="5D" rating="2543" ratingOrigin="EGF : 2543" registeringStatus="FIN" smmsCorrection="0"/>
<Player agaExpirationDate="" agaId="" club="Amst" country="NL" egfPin="10337382" ffgLicence="" ffgLicenceStatus="" firstName="Rob_van" grade=" 6D" name="Zeijst" participating="11111111111111111111" rank="6D" rating="2613" ratingOrigin="EGF : 2613" registeringStatus="FIN" smmsCorrection="0"/>
<Player agaExpirationDate="" agaId="" club="NiSt" country="RS" egfPin="10801923" ffgLicence="" ffgLicenceStatus="" firstName="Nikola" grade=" 7D" name="Mitic" participating="11111111111111111111" rank="6D" rating="2630" ratingOrigin="EGF : 2630" registeringStatus="FIN" smmsCorrection="0"/>
</Players>
<Games/>
<TournamentParameterSet>
<GeneralParameterSet bInternet="false" basicTime="60" beginDate="2020-10-08" canByoYomiTime="300" complementaryTimeSystem="STDBYOYOMI" director="Luc Vannier" endDate="2020-10-09" fischerTime="10" genCountNotPlayedGamesAsHalfPoint="false" genMMBar="4D" genMMFloor="20K" genMMS2ValueAbsent="1" genMMS2ValueBye="2" genMMZero="30K" genNBW2ValueAbsent="0" genNBW2ValueBye="2" genRoundDownNBWMMS="true" komi="7.5" location="Arcachon" name="Grand Slam Qualification" nbMovesCanTime="15" numberOfCategories="1" numberOfRounds="6" shortName="Gdslanqual" size="19" stdByoYomiTime="30"/>
<HandicapParameterSet hdBasedOnMMS="true" hdCeiling="9" hdCorrection="1" hdNoHdRankThreshold="1D"/>
<PlacementParameterSet>
<PlacementCriteria>
<PlacementCriterion name="MMS" number="1"/>
<PlacementCriterion name="SOSM" number="2"/>
<PlacementCriterion name="SOSOSM" number="3"/>
<PlacementCriterion name="NULL" number="4"/>
<PlacementCriterion name="NULL" number="5"/>
<PlacementCriterion name="NULL" number="6"/>
</PlacementCriteria>
</PlacementParameterSet>
<PairingParameterSet paiBaAvoidDuplGame="500000000000000" paiBaBalanceWB="1000000" paiBaDeterministic="true" paiBaRandom="0" paiMaAdditionalPlacementCritSystem1="Rating" paiMaAdditionalPlacementCritSystem2="NULL" paiMaAvoidMixingCategories="0" paiMaCompensateDUDD="true" paiMaDUDDLowerMode="MID" paiMaDUDDUpperMode="MID" paiMaDUDDWeight="100000000" paiMaLastRoundForSeedSystem1="2" paiMaMaximizeSeeding="5000000" paiMaMinimizeScoreDifference="100000000000" paiMaSeedSystem1="SPLITANDRANDOM" paiMaSeedSystem2="SPLITANDSLIP" paiSeAvoidSameGeo="100000000000" paiSeBarThresholdActive="true" paiSeDefSecCrit="100000000000" paiSeMinimizeHandicap="0" paiSeNbWinsThresholdActive="false" paiSePreferMMSDiffRatherThanSameClub="3" paiSePreferMMSDiffRatherThanSameCountry="1" paiSeRankThreshold="1D" paiStandardNX1Factor="0.5"/>
<DPParameterSet displayClCol="true" displayCoCol="true" displayIndGamesInMatches="true" displayNPPlayers="false" displayNumCol="true" displayPlCol="true" gameFormat="full" playerSortType="name" showByePlayer="true" showNotFinallyRegisteredPlayers="true" showNotPairedPlayers="true" showNotParticipatingPlayers="false" showPlayerClub="true" showPlayerCountry="false" showPlayerGrade="true"/>
<PublishParameterSet exportToLocalFile="true" htmlAutoScroll="false" print="true"/>
</TournamentParameterSet>
<TeamTournamentParameterSet>
<TeamGeneralParameterSet teamSize="4"/>
<TeamPlacementParameterSet>
<PlacementCriteria>
<PlacementCriterion name="TEAMP" number="1"/>
<PlacementCriterion name="BDW" number="2"/>
<PlacementCriterion name="BDW3U" number="3"/>
<PlacementCriterion name="BDW2U" number="4"/>
<PlacementCriterion name="BDW1U" number="5"/>
<PlacementCriterion name="MNR" number="6"/>
</PlacementCriteria>
</TeamPlacementParameterSet>
</TeamTournamentParameterSet>
</Tournament>
