<?xml version="1.0" encoding="UTF-8" standalone="no"?>
<Tournament dataVersion="201" externalIPAddress="77.128.107.78" fullVersionNumber="3.49.05" runningMode="SAL" saveDT="20200907162659">
<Players>
<Player agaExpirationDate="" agaId="" club="Ist" country="TR" egfPin="18586293" ffgLicence="" ffgLicenceStatus="" firstName="Banu" grade=" 9K" name="Kibar" participating="11111111111111111111" rank="9K" rating="1199" ratingOrigin="EGF : 1199" registeringStatus="FIN" smmsCorrection="0"/>
<Player agaExpirationDate="" agaId="" club="Ist" country="TR" egfPin="13701534" ffgLicence="" ffgLicenceStatus="" firstName="Barkin" grade=" 1D" name="Celebican" participating="11111111111111111111" rank="1D" rating="2077" ratingOrigin="EGF : 2077" registeringStatus="FIN" smmsCorrection="0"/>
<Player agaExpirationDate="" agaId="" club="Ist" country="TR" egfPin="19513340" ffgLicence="" ffgLicenceStatus="" firstName="Etkin" grade=" 9K" name="Ozgan" participating="11111111111111111111" rank="9K" rating="1142" ratingOrigin="EGF : 1142" registeringStatus="FIN" smmsCorrection="0"/>
<Player agaExpirationDate="" agaId="" club="Hat" country="TR" egfPin="19250198" ffgLicence="" ffgLicenceStatus="" firstName="Ali" grade="7K" name="Kulubecioglu" participating="11111111111111111111" rank="7K" rating="1354" ratingOrigin="EGF : 1354" registeringStatus="FIN" smmsCorrection="0"/>
</Players>
<Games>
<Game blackPlayer="KULUBECIOGLUALI" handicap="7" knownColor="true" result="RESULT_BLACKWINS" roundNumber="1" tableNumber="1" whitePlayer="CELEBICANBARKIN"/>
<Game blackPlayer="KIBARBANU" handicap="2" knownColor="true" result="RESULT_WHITEWINS" roundNumber="3" tableNumber="1" whitePlayer="KULUBECIOGLUALI"/>
<Game blackPlayer="OZGANETKIN" handicap="0" knownColor="true" result="RESULT_WHITEWINS" roundNumber="1" tableNumber="2" whitePlayer="KIBARBANU"/>
<Game blackPlayer="OZGANETKIN" handicap="9" knownColor="true" result="RESULT_WHITEWINS" roundNumber="3" tableNumber="2" whitePlayer="CELEBICANBARKIN"/>
<Game blackPlayer="KIBARBANU" handicap="9" knownColor="true" result="RESULT_BLACKWINS" roundNumber="2" tableNumber="1" whitePlayer="CELEBICANBARKIN"/>
<Game blackPlayer="OZGANETKIN" handicap="2" knownColor="true" result="RESULT_WHITEWINS" roundNumber="2" tableNumber="2" whitePlayer="KULUBECIOGLUALI"/>
</Games>
<TournamentParameterSet>
<GeneralParameterSet bInternet="true" basicTime="30" beginDate="2020-09-07" canByoYomiTime="300" complementaryTimeSystem="STDBYOYOMI" director="Barkın Çelebican" endDate="2020-09-07" fischerTime="10" genCountNotPlayedGamesAsHalfPoint="false" genMMBar="9D" genMMFloor="30K" genMMS2ValueAbsent="1" genMMS2ValueBye="2" genMMZero="30K" genNBW2ValueAbsent="0" genNBW2ValueBye="2" genRoundDownNBWMMS="true" komi="6.5" location="TR, Istanbul" name="Istanbul Online City Tournament 2020/02" nbMovesCanTime="15" numberOfCategories="1" numberOfRounds="3" shortName="LVioct_20_02" size="19" stdByoYomiTime="20"/>
<HandicapParameterSet hdBasedOnMMS="false" hdCeiling="9" hdCorrection="0" hdNoHdRankThreshold="9D"/>
<PlacementParameterSet>
<PlacementCriteria>
<PlacementCriterion name="CAT" number="1"/>
<PlacementCriterion name="NBW" number="2"/>
<PlacementCriterion name="EXT" number="3"/>
<PlacementCriterion name="EXR" number="4"/>
<PlacementCriterion name="NULL" number="5"/>
<PlacementCriterion name="NULL" number="6"/>
</PlacementCriteria>
</PlacementParameterSet>
<PairingParameterSet paiBaAvoidDuplGame="500000000000000" paiBaBalanceWB="1000000" paiBaDeterministic="true" paiBaRandom="0" paiMaAdditionalPlacementCritSystem1="Rating" paiMaAdditionalPlacementCritSystem2="NULL" paiMaAvoidMixingCategories="20000000000000" paiMaCompensateDUDD="true" paiMaDUDDLowerMode="MID" paiMaDUDDUpperMode="MID" paiMaDUDDWeight="100000000" paiMaLastRoundForSeedSystem1="2" paiMaMaximizeSeeding="5000000" paiMaMinimizeScoreDifference="100000000000" paiMaSeedSystem1="SPLITANDSLIP" paiMaSeedSystem2="SPLITANDSLIP" paiSeAvoidSameGeo="20000000000000" paiSeBarThresholdActive="true" paiSeDefSecCrit="20000000000000" paiSeMinimizeHandicap="20000000000000" paiSeNbWinsThresholdActive="true" paiSePreferMMSDiffRatherThanSameClub="0" paiSePreferMMSDiffRatherThanSameCountry="0" paiSeRankThreshold="1D" paiStandardNX1Factor="0.5"/>
<DPParameterSet displayClCol="true" displayCoCol="true" displayIndGamesInMatches="true" displayNPPlayers="false" displayNumCol="true" displayPlCol="true" gameFormat="full" playerSortType="name" showByePlayer="true" showNotFinallyRegisteredPlayers="true" showNotPairedPlayers="true" showNotParticipatingPlayers="false" showPlayerClub="true" showPlayerCountry="false" showPlayerGrade="true"/>
<PublishParameterSet exportToLocalFile="true" htmlAutoScroll="false" print="true"/>
</TournamentParameterSet>
<TeamTournamentParameterSet>
<TeamGeneralParameterSet teamSize="4"/>
<TeamPlacementParameterSet>
<PlacementCriteria>
<PlacementCriterion name="TEAMP" number="1"/>
<PlacementCriterion name="BDW" number="2"/>
<PlacementCriterion name="BDW3U" number="3"/>
<PlacementCriterion name="BDW2U" number="4"/>
<PlacementCriterion name="BDW1U" number="5"/>
<PlacementCriterion name="MNR" number="6"/>
</PlacementCriteria>
</TeamPlacementParameterSet>
</TeamTournamentParameterSet>
</Tournament>
