<?xml version="1.0" encoding="UTF-8" standalone="no"?>
<Tournament dataVersion="201">
<Players>
<Player agaExpirationDate="" agaId="" club="69Ly" country="FR" egfPin="" ffgLicence="1700044" ffgLicenceStatus="L" firstName="Benjamin" grade="16K" name="Millaud" participating="11110000000000000000" rank="16K" rating="513" ratingOrigin="FFG" registeringStatus="FIN" smmsCorrection="0"/>
<Player agaExpirationDate="" agaId="" club="69Ly" country="FR" egfPin="" ffgLicence="1200003" ffgLicenceStatus="L" firstName="Quentin" grade="2K" name="Duchaufour" participating="11111111111111111111" rank="2K" rating="1866" ratingOrigin="FFG" registeringStatus="FIN" smmsCorrection="0"/>
<Player agaExpirationDate="" agaId="" club="69Ly" country="FR" egfPin="" ffgLicence="0700037" ffgLicenceStatus="L" firstName="Frédéric" grade="9K" name="Verrier" participating="11000000000000000000" rank="9K" rating="1231" ratingOrigin="FFG" registeringStatus="FIN" smmsCorrection="0"/>
<Player agaExpirationDate="" agaId="" club="69Ly" country="FR" egfPin="" ffgLicence="1700096" ffgLicenceStatus="L" firstName="Thomas" grade="16K" name="Deguitre" participating="11000000000000000000" rank="16K" rating="500" ratingOrigin="MAN" registeringStatus="FIN" smmsCorrection="0"/>
<Player agaExpirationDate="" agaId="" club="69Ly" country="FR" egfPin="" ffgLicence="9825015" ffgLicenceStatus="L" firstName="Jean-Luc" grade="13K" name="Spire" participating="11100000000000000000" rank="13K" rating="839" ratingOrigin="FFG" registeringStatus="FIN" smmsCorrection="0"/>
<Player agaExpirationDate="" agaId="" club="69Ly" country="FR" egfPin="" ffgLicence="1700207" ffgLicenceStatus="L" firstName="Benjamin" grade="4K" name="Normand" participating="11000000000000000000" rank="4K" rating="1700" ratingOrigin="FFG" registeringStatus="FIN" smmsCorrection="0"/>
<Player agaExpirationDate="" agaId="" club="69Ly" country="FR" egfPin="" ffgLicence="0800145" ffgLicenceStatus="L" firstName="Robin" grade="2D" name="Chauvin" participating="11111111111111111111" rank="2D" rating="2181" ratingOrigin="FFG" registeringStatus="FIN" smmsCorrection="0"/>
<Player agaExpirationDate="" agaId="" club="69GC" country="FR" egfPin="" ffgLicence="1500285" ffgLicenceStatus="L" firstName="Mateo" grade="7K" name="Langer" participating="11100000000000000000" rank="7K" rating="1429" ratingOrigin="FFG" registeringStatus="FIN" smmsCorrection="0"/>
<Player agaExpirationDate="" agaId="" club="69Ly" country="FR" egfPin="" ffgLicence="1700024" ffgLicenceStatus="L" firstName="Franck" grade="14K" name="Meyer" participating="11111111111111111111" rank="14K" rating="747" ratingOrigin="FFG" registeringStatus="FIN" smmsCorrection="0"/>
<Player agaExpirationDate="" agaId="" club="69Ly" country="FR" egfPin="" ffgLicence="0900457" ffgLicenceStatus="L" firstName="Vincent" grade="2D" name="Godivier" participating="11111111111111111111" rank="2D" rating="2189" ratingOrigin="FFG" registeringStatus="FIN" smmsCorrection="0"/>
<Player agaExpirationDate="" agaId="" club="69Ly" country="FR" egfPin="" ffgLicence="1400317" ffgLicenceStatus="L" firstName="Alexandre" grade="14K" name="Sag" participating="11111111111111111111" rank="14K" rating="665" ratingOrigin="FFG" registeringStatus="FIN" smmsCorrection="0"/>
<Player agaExpirationDate="" agaId="" club="69Ly" country="FR" egfPin="" ffgLicence="1600014" ffgLicenceStatus="L" firstName="Martin" grade="8K" name="Donati" participating="11011111111111111111" rank="8K" rating="1268" ratingOrigin="FFG" registeringStatus="FIN" smmsCorrection="0"/>
<Player agaExpirationDate="" agaId="" club="69Ly" country="FR" egfPin="" ffgLicence="1400266" ffgLicenceStatus="L" firstName="Maxime" grade="3K" name="Koubi" participating="10000000000000000000" rank="3K" rating="1776" ratingOrigin="FFG" registeringStatus="FIN" smmsCorrection="0"/>
<Player agaExpirationDate="" agaId="" club="69Ly" country="FR" egfPin="" ffgLicence="1600069" ffgLicenceStatus="L" firstName="Ugo" grade="10K" name="Guignard-Perret" participating="00111111111111111111" rank="10K" rating="1139" ratingOrigin="FFG" registeringStatus="FIN" smmsCorrection="0"/>
<Player agaExpirationDate="" agaId="" club="69Ly" country="FR" egfPin="" ffgLicence="1700097" ffgLicenceStatus="L" firstName="Gilles" grade="19K" name="Forissier" participating="10001111111111111111" rank="19K" rating="165" ratingOrigin="FFG" registeringStatus="FIN" smmsCorrection="0"/>
<Player agaExpirationDate="" agaId="" club="69Ly" country="FR" egfPin="" ffgLicence="1400118" ffgLicenceStatus="L" firstName="Jérémy" grade="12K" name="Rousseau" participating="11111111111111111111" rank="12K" rating="906" ratingOrigin="FFG" registeringStatus="FIN" smmsCorrection="0"/>
<Player agaExpirationDate="" agaId="" club="69Ly" country="FR" egfPin="" ffgLicence="1100025" ffgLicenceStatus="L" firstName="Hugo" grade="1D" name="Maussion" participating="01100000000000000000" rank="1D" rating="2057" ratingOrigin="FFG" registeringStatus="FIN" smmsCorrection="0"/>
<Player agaExpirationDate="" agaId="" club="69Ly" country="FR" egfPin="" ffgLicence="1600266" ffgLicenceStatus="L" firstName="Jean-Charles" grade="6K" name="Boudier" participating="01111111111111111111" rank="6K" rating="1475" ratingOrigin="FFG" registeringStatus="FIN" smmsCorrection="0"/>
<Player agaExpirationDate="" agaId="" club="69Ly" country="FR" egfPin="" ffgLicence="1700022" ffgLicenceStatus="L" firstName="Thierry" grade="22K" name="Bonnafous" participating="11000000000000000000" rank="22K" rating="-72" ratingOrigin="FFG" registeringStatus="FIN" smmsCorrection="0"/>
<Player agaExpirationDate="" agaId="" club="69Ly" country="FR" egfPin="" ffgLicence="" ffgLicenceStatus="" firstName="Tristan" grade="9K" name="de Butler" participating="11111111111111111111" rank="9K" rating="1200" ratingOrigin="INI" registeringStatus="FIN" smmsCorrection="0"/>
<Player agaExpirationDate="" agaId="" club="69Ly" country="FR" egfPin="" ffgLicence="1600070" ffgLicenceStatus="L" firstName="Abdallah" grade="1K" name="Mezouar" participating="11000000000000000000" rank="1K" rating="1980" ratingOrigin="FFG" registeringStatus="FIN" smmsCorrection="0"/>
<Player agaExpirationDate="" agaId="" club="69Ly" country="FR" egfPin="" ffgLicence="1400267" ffgLicenceStatus="L" firstName="Guillaume" grade="12K" name="Largounez" participating="11111111111111111111" rank="12K" rating="922" ratingOrigin="FFG" registeringStatus="FIN" smmsCorrection="0"/>
<Player agaExpirationDate="" agaId="" club="69Ly" country="FR" egfPin="" ffgLicence="1600059" ffgLicenceStatus="-" firstName="Léa" grade="17K" name="Mathis" participating="11000000000000000000" rank="17K" rating="350" ratingOrigin="FFG" registeringStatus="FIN" smmsCorrection="0"/>
</Players>
<Games>
<Game blackPlayer="MEZOUARABDALLAH" handicap="0" knownColor="true" result="RESULT_BLACKWINS" roundNumber="1" tableNumber="1" whitePlayer="GODIVIERVINCENT"/>
<Game blackPlayer="CHAUVINROBIN" handicap="0" knownColor="true" result="RESULT_BLACKWINS" roundNumber="1" tableNumber="2" whitePlayer="DUCHAUFOURQUENTIN"/>
<Game blackPlayer="KOUBIMAXIME" handicap="0" knownColor="true" result="RESULT_BLACKWINS" roundNumber="1" tableNumber="3" whitePlayer="SPIREJEAN-LUC"/>
<Game blackPlayer="BONNAFOUSTHIERRY" handicap="0" knownColor="true" result="RESULT_WHITEWINS" roundNumber="2" tableNumber="9" whitePlayer="MEYERFRANCK"/>
<Game blackPlayer="MEYERFRANCK" handicap="0" knownColor="true" result="RESULT_WHITEWINS" roundNumber="1" tableNumber="4" whitePlayer="NORMANDBENJAMIN"/>
<Game blackPlayer="DEGUITRETHOMAS" handicap="0" knownColor="true" result="RESULT_WHITEWINS" roundNumber="2" tableNumber="10" whitePlayer="SAGALEXANDRE"/>
<Game blackPlayer="SAGALEXANDRE" handicap="0" knownColor="true" result="RESULT_WHITEWINS" roundNumber="1" tableNumber="5" whitePlayer="LANGERMATEO"/>
<Game blackPlayer="MILLAUDBENJAMIN" handicap="0" knownColor="true" result="RESULT_WHITEWINS" roundNumber="1" tableNumber="6" whitePlayer="DONATIMARTIN"/>
<Game blackPlayer="VERRIERFRÉDÉRIC" handicap="0" knownColor="true" result="RESULT_BLACKWINS" roundNumber="1" tableNumber="7" whitePlayer="MATHISLÉA"/>
<Game blackPlayer="FORISSIERGILLES" handicap="0" knownColor="true" result="RESULT_WHITEWINS" roundNumber="1" tableNumber="8" whitePlayer="DEBUTLERTRISTAN"/>
<Game blackPlayer="LARGOUNEZGUILLAUME" handicap="0" knownColor="true" result="RESULT_BLACKWINS" roundNumber="1" tableNumber="9" whitePlayer="BONNAFOUSTHIERRY"/>
<Game blackPlayer="ROUSSEAUJÉRÉMY" handicap="0" knownColor="true" result="RESULT_BLACKWINS" roundNumber="1" tableNumber="10" whitePlayer="DEGUITRETHOMAS"/>
<Game blackPlayer="BOUDIERJEAN-CHARLES" handicap="0" knownColor="true" result="RESULT_BLACKWINS" roundNumber="5" tableNumber="5" whitePlayer="MEYERFRANCK"/>
<Game blackPlayer="ROUSSEAUJÉRÉMY" handicap="0" knownColor="true" result="RESULT_BLACKWINS" roundNumber="5" tableNumber="6" whitePlayer="FORISSIERGILLES"/>
<Game blackPlayer="DUCHAUFOURQUENTIN" handicap="0" knownColor="true" result="RESULT_WHITEWINS" roundNumber="5" tableNumber="1" whitePlayer="GODIVIERVINCENT"/>
<Game blackPlayer="CHAUVINROBIN" handicap="0" knownColor="true" result="RESULT_BLACKWINS" roundNumber="5" tableNumber="2" whitePlayer="DEBUTLERTRISTAN"/>
<Game blackPlayer="DONATIMARTIN" handicap="0" knownColor="true" result="RESULT_BLACKWINS" roundNumber="5" tableNumber="3" whitePlayer="GUIGNARD-PERRETUGO"/>
<Game blackPlayer="SAGALEXANDRE" handicap="0" knownColor="true" result="RESULT_WHITEWINS" roundNumber="5" tableNumber="4" whitePlayer="LARGOUNEZGUILLAUME"/>
<Game blackPlayer="ROUSSEAUJÉRÉMY" handicap="0" knownColor="true" result="RESULT_WHITEWINS" roundNumber="3" tableNumber="3" whitePlayer="GODIVIERVINCENT"/>
<Game blackPlayer="MAUSSIONHUGO" handicap="0" knownColor="true" result="RESULT_BLACKWINS" roundNumber="3" tableNumber="4" whitePlayer="DUCHAUFOURQUENTIN"/>
<Game blackPlayer="GUIGNARD-PERRETUGO" handicap="0" knownColor="true" result="RESULT_BLACKWINS" roundNumber="4" tableNumber="5" whitePlayer="ROUSSEAUJÉRÉMY"/>
<Game blackPlayer="BOUDIERJEAN-CHARLES" handicap="0" knownColor="true" result="RESULT_WHITEWINS" roundNumber="3" tableNumber="1" whitePlayer="GUIGNARD-PERRETUGO"/>
<Game blackPlayer="MEYERFRANCK" handicap="0" knownColor="true" result="RESULT_WHITEWINS" roundNumber="4" tableNumber="6" whitePlayer="MILLAUDBENJAMIN"/>
<Game blackPlayer="LANGERMATEO" handicap="0" knownColor="true" result="RESULT_WHITEWINS" roundNumber="3" tableNumber="2" whitePlayer="CHAUVINROBIN"/>
<Game blackPlayer="LARGOUNEZGUILLAUME" handicap="0" knownColor="true" result="RESULT_WHITEWINS" roundNumber="4" tableNumber="3" whitePlayer="DEBUTLERTRISTAN"/>
<Game blackPlayer="SAGALEXANDRE" handicap="0" knownColor="true" result="RESULT_BLACKWINS" roundNumber="3" tableNumber="7" whitePlayer="SPIREJEAN-LUC"/>
<Game blackPlayer="DONATIMARTIN" handicap="0" knownColor="true" result="RESULT_BLACKWINS" roundNumber="4" tableNumber="4" whitePlayer="BOUDIERJEAN-CHARLES"/>
<Game blackPlayer="GODIVIERVINCENT" handicap="0" knownColor="true" result="RESULT_BLACKWINS" roundNumber="4" tableNumber="1" whitePlayer="CHAUVINROBIN"/>
<Game blackPlayer="DEBUTLERTRISTAN" handicap="0" knownColor="true" result="RESULT_BLACKWINS" roundNumber="3" tableNumber="5" whitePlayer="MEYERFRANCK"/>
<Game blackPlayer="DUCHAUFOURQUENTIN" handicap="0" knownColor="true" result="RESULT_BLACKWINS" roundNumber="4" tableNumber="2" whitePlayer="SAGALEXANDRE"/>
<Game blackPlayer="MILLAUDBENJAMIN" handicap="0" knownColor="true" result="RESULT_WHITEWINS" roundNumber="3" tableNumber="6" whitePlayer="LARGOUNEZGUILLAUME"/>
<Game blackPlayer="GODIVIERVINCENT" handicap="0" knownColor="true" result="RESULT_BLACKWINS" roundNumber="2" tableNumber="2" whitePlayer="DONATIMARTIN"/>
<Game blackPlayer="CHAUVINROBIN" handicap="0" knownColor="true" result="RESULT_BLACKWINS" roundNumber="2" tableNumber="1" whitePlayer="MEZOUARABDALLAH"/>
<Game blackPlayer="DUCHAUFOURQUENTIN" handicap="0" knownColor="true" result="RESULT_BLACKWINS" roundNumber="2" tableNumber="4" whitePlayer="VERRIERFRÉDÉRIC"/>
<Game blackPlayer="DEBUTLERTRISTAN" handicap="0" knownColor="true" result="RESULT_WHITEWINS" roundNumber="2" tableNumber="3" whitePlayer="MAUSSIONHUGO"/>
<Game blackPlayer="LANGERMATEO" handicap="0" knownColor="true" result="RESULT_BLACKWINS" roundNumber="2" tableNumber="6" whitePlayer="ROUSSEAUJÉRÉMY"/>
<Game blackPlayer="NORMANDBENJAMIN" handicap="0" knownColor="true" result="RESULT_BLACKWINS" roundNumber="2" tableNumber="5" whitePlayer="LARGOUNEZGUILLAUME"/>
<Game blackPlayer="SPIREJEAN-LUC" handicap="0" knownColor="true" result="RESULT_WHITEWINS" roundNumber="2" tableNumber="8" whitePlayer="MILLAUDBENJAMIN"/>
<Game blackPlayer="MATHISLÉA" handicap="0" knownColor="true" result="RESULT_WHITEWINS" roundNumber="2" tableNumber="7" whitePlayer="BOUDIERJEAN-CHARLES"/>
</Games>
<TournamentParameterSet>
<GeneralParameterSet basicTime="60" beginDate="2017-02-11" canByoYomiTime="300" complementaryTimeSystem="CANBYOYOMI" director="Guillaume Largounez" endDate="2017-02-12" fischerTime="10" genMMBar="2K" genMMFloor="3K" genMMS2ValueAbsent="0" genMMS2ValueBye="1" genMMZero="30K" genNBW2ValueAbsent="0" genNBW2ValueBye="1" genRoundDownNBWMMS="false" komi="7.5" location="Lyon" name="Championnat du club de Lyon 2017" nbMovesCanTime="15" numberOfCategories="1" numberOfRounds="5" shortName="ChampionnatLyon2017" size="19" stdByoYomiTime="20"/>
<HandicapParameterSet hdBasedOnMMS="true" hdCeiling="0" hdCorrection="1" hdNoHdRankThreshold="1D"/>
<PlacementParameterSet>
<PlacementCriteria>
<PlacementCriterion name="MMS" number="1"/>
<PlacementCriterion name="SOSM" number="2"/>
<PlacementCriterion name="SOSOSM" number="3"/>
<PlacementCriterion name="NULL" number="4"/>
<PlacementCriterion name="NULL" number="5"/>
<PlacementCriterion name="NULL" number="6"/>
</PlacementCriteria>
</PlacementParameterSet>
<PairingParameterSet paiBaAvoidDuplGame="500000000000000" paiBaBalanceWB="1000000" paiBaDeterministic="true" paiBaRandom="0" paiMaAdditionalPlacementCritSystem1="Rating" paiMaAdditionalPlacementCritSystem2="NULL" paiMaAvoidMixingCategories="0" paiMaCompensateDUDD="true" paiMaDUDDLowerMode="MID" paiMaDUDDUpperMode="MID" paiMaDUDDWeight="100000000" paiMaLastRoundForSeedSystem1="2" paiMaMaximizeSeeding="5000000" paiMaMinimizeScoreDifference="100000000000" paiMaSeedSystem1="SPLITANDSLIP" paiSeAvoidSameGeo="100000000000" paiSeBarThresholdActive="true" paiSeDefSecCrit="100000000000" paiSeMinimizeHandicap="0" paiSeNbWinsThresholdActive="false" paiSePreferMMSDiffRatherThanSameClub="3" paiSePreferMMSDiffRatherThanSameClubsGroup="2" paiSePreferMMSDiffRatherThanSameCountry="1" paiSeRankThreshold="30K" paiStandardNX1Factor="0.5"/>
<DPParameterSet displayClCol="true" displayCoCol="true" displayIndGamesInMatches="true" displayNPPlayers="false" displayNumCol="true" displayPlCol="true" gameFormat="full" playerSortType="name" showByePlayer="true" showNotFinallyRegisteredPlayers="true" showNotPairedPlayers="true" showNotParticipatingPlayers="false" showPlayerClub="true" showPlayerCountry="false" showPlayerGrade="true"/>
<PublishParameterSet exportToLocalFile="true" htmlAutoScroll="false" print="true"/>
</TournamentParameterSet>
<TeamTournamentParameterSet>
<TeamGeneralParameterSet teamSize="4"/>
<TeamPlacementParameterSet>
<PlacementCriteria>
<PlacementCriterion name="TEAMP" number="1"/>
<PlacementCriterion name="BDW" number="2"/>
<PlacementCriterion name="BDW3U" number="3"/>
<PlacementCriterion name="BDW2U" number="4"/>
<PlacementCriterion name="BDW1U" number="5"/>
<PlacementCriterion name="MNR" number="6"/>
</PlacementCriteria>
</TeamPlacementParameterSet>
</TeamTournamentParameterSet>
</Tournament>
